case_id,criterion_id,label,labeler,labeled_at
j3-f-q000,thin_class,fail,gate-seed,2026-09-29T00:00:00.000Z
j3-f-q001,thin_class,fail,gate-seed,2026-09-29T00:00:00.000Z
j3-f-q002,thin_class,fail,gate-seed,2026-09-29T00:00:00.000Z
j3-f-q003,thin_class,fail,gate-seed,2026-09-29T00:00:00.000Z
j3-f-q004,thin_class,fail,gate-seed,2026-09-29T00:00:00.000Z
j3-f-q005,thin_class,fail,gate-seed,2026-09-29T00:00:00.000Z
j3-f-q006,thin_class,fail,gate-seed,2026-09-29T00:00:00.000Z
j3-f-q007,thin_class,fail,gate-seed,2026-09-29T00:00:00.000Z
j3-f-q008,thin_class,fail,gate-seed,2026-09-29T00:00:00.000Z
j3-f-q009,thin_class,fail,gate-seed,2026-09-29T00:00:00.000Z
j3-f-q010,thin_class,fail,gate-seed,2026-09-29T00:00:00.000Z
j3-f-q011,thin_class,fail,gate-seed,2026-09-29T00:00:00.000Z
j3-f-q012,thin_class,fail,gate-seed,2026-09-29T00:00:00.000Z
j3-f-q013,thin_class,fail,gate-seed,2026-09-29T00:00:00.000Z
j3-f-q014,thin_class,fail,gate-seed,2026-09-29T00:00:00.000Z
j3-f-q015,thin_class,fail,gate-seed,2026-09-29T00:00:00.000Z
j3-f-q016,thin_class,unknown,gate-seed,2026-09-29T00:00:00.000Z
j3-f-q017,thin_class,unknown,gate-seed,2026-09-29T00:00:00.000Z
j3-f-q018,thin_class,unknown,gate-seed,2026-09-29T00:00:00.000Z
j3-f-q019,thin_class,unknown,gate-seed,2026-09-29T00:00:00.000Z
j3-f-q020,thin_class,unknown,gate-seed,2026-09-29T00:00:00.000Z
j3-f-q021,thin_class,unknown,gate-seed,2026-09-29T00:00:00.000Z
j3-f-q022,thin_class,unknown,gate-seed,2026-09-29T00:00:00.000Z
j3-f-q023,thin_class,unknown,gate-seed,2026-09-29T00:00:00.000Z
j3-f-q024,thin_class,unknown,gate-seed,2026-09-29T00:00:00.000Z
j3-f-q025,thin_class,unknown,gate-seed,2026-09-29T00:00:00.000Z
j3-f-q026,thin_class,unknown,gate-seed,2026-09-29T00:00:00.000Z
j3-f-q027,thin_class,unknown,gate-seed,2026-09-29T00:00:00.000Z
j3-f-q028,thin_class,unknown,gate-seed,2026-09-29T00:00:00.000Z
j3-f-q029,thin_class,unknown,gate-seed,2026-09-29T00:00:00.000Z
j3-f-q030,thin_class,unknown,gate-seed,2026-09-29T00:00:00.000Z
j3-f-q031,thin_class,unknown,gate-seed,2026-09-29T00:00:00.000Z
j3-f-q032,thin_class,unknown,gate-seed,2026-09-29T00:00:00.000Z
j3-f-q033,thin_class,unknown,gate-seed,2026-09-29T00:00:00.000Z
j3-f-q034,thin_class,unknown,gate-seed,2026-09-29T00:00:00.000Z
j3-f-q035,thin_class,unknown,gate-seed,2026-09-29T00:00:00.000Z
j3-f-q036,thin_class,unknown,gate-seed,2026-09-29T00:00:00.000Z
j3-f-q037,thin_class,unknown,gate-seed,2026-09-29T00:00:00.000Z
j3-f-q050,thin_class,unknown,gate-seed,2026-09-29T00:00:00.000Z
j3-f-q051,thin_class,unknown,gate-seed,2026-09-29T00:00:00.000Z
j3-f-q052,thin_class,unknown,gate-seed,2026-09-29T00:00:00.000Z
j3-f-q053,thin_class,unknown,gate-seed,2026-09-29T00:00:00.000Z
j3-f-q054,thin_class,unknown,gate-seed,2026-09-29T00:00:00.000Z
j3-f-q055,thin_class,unknown,gate-seed,2026-09-29T00:00:00.000Z
j3-f-q056,thin_class,unknown,gate-seed,2026-09-29T00:00:00.000Z
j3-f-q057,thin_class,unknown,gate-seed,2026-09-29T00:00:00.000Z
j3-f-q058,thin_class,unknown,gate-seed,2026-09-29T00:00:00.000Z
j3-f-q059,thin_class,unknown,gate-seed,2026-09-29T00:00:00.000Z
j3-f-q060,thin_class,unknown,gate-seed,2026-09-29T00:00:00.000Z
j3-f-q061,thin_class,unknown,gate-seed,2026-09-29T00:00:00.000Z
j3-p-q000,thin_class,pass,gate-seed,2026-09-29T00:00:00.000Z
j3-p-q001,thin_class,pass,gate-seed,2026-09-29T00:00:00.000Z
j3-p-q002,thin_class,pass,gate-seed,2026-09-29T00:00:00.000Z
j3-p-q003,thin_class,pass,gate-seed,2026-09-29T00:00:00.000Z
j3-p-q004,thin_class,pass,gate-seed,2026-09-29T00:00:00.000Z
j3-p-q005,thin_class,pass,gate-seed,2026-09-29T00:00:00.000Z
j3-p-q006,thin_class,pass,gate-seed,2026-09-29T00:00:00.000Z
j3-p-q007,thin_class,pass,gate-seed,2026-09-29T00:00:00.000Z
j3-p-q008,thin_class,pass,gate-seed,2026-09-29T00:00:00.000Z
j3-p-q009,thin_class,pass,gate-seed,2026-09-29T00:00:00.000Z
j3-p-q010,thin_class,pass,gate-seed,2026-09-29T00:00:00.000Z
j3-p-q011,thin_class,pass,gate-seed,2026-09-29T00:00:00.000Z
j3-p-q012,thin_class,pass,gate-seed,2026-09-29T00:00:00.000Z
j3-p-q013,thin_class,pass,gate-seed,2026-09-29T00:00:00.000Z
j3-p-q014,thin_class,pass,gate-seed,2026-09-29T00:00:00.000Z
j3-p-q015,thin_class,pass,gate-seed,2026-09-29T00:00:00.000Z
j3-p-q016,thin_class,pass,gate-seed,2026-09-29T00:00:00.000Z
j3-p-q017,thin_class,pass,gate-seed,2026-09-29T00:00:00.000Z
j3-p-q018,thin_class,pass,gate-seed,2026-09-29T00:00:00.000Z
j3-p-q019,thin_class,pass,gate-seed,2026-09-29T00:00:00.000Z
j3-p-q020,thin_class,pass,gate-seed,2026-09-29T00:00:00.000Z
j3-p-q021,thin_class,pass,gate-seed,2026-09-29T00:00:00.000Z
j3-p-q022,thin_class,pass,gate-seed,2026-09-29T00:00:00.000Z
j3-p-q023,thin_class,pass,gate-seed,2026-09-29T00:00:00.000Z
j3-p-q024,thin_class,pass,gate-seed,2026-09-29T00:00:00.000Z
j3-p-q025,thin_class,pass,gate-seed,2026-09-29T00:00:00.000Z
j3-p-q026,thin_class,pass,gate-seed,2026-09-29T00:00:00.000Z
j3-p-q027,thin_class,pass,gate-seed,2026-09-29T00:00:00.000Z
j3-p-q028,thin_class,pass,gate-seed,2026-09-29T00:00:00.000Z
j3-p-q029,thin_class,pass,gate-seed,2026-09-29T00:00:00.000Z
j3-p-q030,thin_class,pass,gate-seed,2026-09-29T00:00:00.000Z
j3-p-q031,thin_class,pass,gate-seed,2026-09-29T00:00:00.000Z
j3-p-q032,thin_class,pass,gate-seed,2026-09-29T00:00:00.000Z
j3-p-q033,thin_class,pass,gate-seed,2026-09-29T00:00:00.000Z
j3-p-q034,thin_class,pass,gate-seed,2026-09-29T00:00:00.000Z
j3-p-q035,thin_class,pass,gate-seed,2026-09-29T00:00:00.000Z
j3-p-q036,thin_class,pass,gate-seed,2026-09-29T00:00:00.000Z
j3-p-q037,thin_class,pass,gate-seed,2026-09-29T00:00:00.000Z
j3-p-q038,thin_class,pass,gate-seed,2026-09-29T00:00:00.000Z
j3-p-q039,thin_class,pass,gate-seed,2026-09-29T00:00:00.000Z
j3-p-q040,thin_class,pass,gate-seed,2026-09-29T00:00:00.000Z
j3-p-q041,thin_class,pass,gate-seed,2026-09-29T00:00:00.000Z
j3-p-q060,thin_class,pass,gate-seed,2026-09-29T00:00:00.000Z
j3-p-q061,thin_class,pass,gate-seed,2026-09-29T00:00:00.000Z
j3-p-q062,thin_class,pass,gate-seed,2026-09-29T00:00:00.000Z
j3-p-q063,thin_class,pass,gate-seed,2026-09-29T00:00:00.000Z
j3-p-q064,thin_class,pass,gate-seed,2026-09-29T00:00:00.000Z
j3-p-q065,thin_class,pass,gate-seed,2026-09-29T00:00:00.000Z
j3-p-q066,thin_class,pass,gate-seed,2026-09-29T00:00:00.000Z
j3-p-q067,thin_class,pass,gate-seed,2026-09-29T00:00:00.000Z
