traceId,criterionId,label,source,labelledAt,baseline
bm25:en01-f1,c1,yes,auto,2026-09-25T21:35:29.415Z,
bm25:en01-f1,c2,yes,auto,2026-09-25T21:35:29.415Z,
bm25:en01-f1,c3,yes,baseline,2026-09-25T21:35:29.415Z,1
bm25:en01-f2,c1,yes,auto,2026-09-25T21:35:29.417Z,
bm25:en01-f2,c2,yes,auto,2026-09-25T21:35:29.417Z,
bm25:en01-f2,c3,yes,baseline,2026-09-25T21:35:29.417Z,1
bm25:en01-f3,c1,yes,auto,2026-09-25T21:35:29.417Z,
bm25:en01-f3,c2,yes,auto,2026-09-25T21:35:29.417Z,
bm25:en01-f3,c3,yes,baseline,2026-09-25T21:35:29.417Z,1
bm25:en02-f1,c1,yes,auto,2026-09-25T21:35:29.417Z,
bm25:en02-f1,c2,yes,auto,2026-09-25T21:35:29.417Z,
bm25:en02-f1,c3,yes,baseline,2026-09-25T21:35:29.417Z,1
bm25:en02-f2,c1,yes,auto,2026-09-25T21:35:29.417Z,
bm25:en02-f2,c2,yes,auto,2026-09-25T21:35:29.417Z,
bm25:en02-f2,c3,yes,baseline,2026-09-25T21:35:29.417Z,1
bm25:en02-f3,c1,yes,auto,2026-09-25T21:35:29.417Z,
bm25:en02-f3,c2,yes,auto,2026-09-25T21:35:29.417Z,
bm25:en02-f3,c3,yes,baseline,2026-09-25T21:35:29.417Z,1
bm25:en03-f1,c1,yes,auto,2026-09-25T21:35:29.417Z,
bm25:en03-f1,c2,yes,auto,2026-09-25T21:35:29.417Z,
bm25:en03-f1,c3,yes,baseline,2026-09-25T21:35:29.417Z,1
bm25:en03-f2,c1,yes,auto,2026-09-25T21:35:29.417Z,
bm25:en03-f2,c2,yes,auto,2026-09-25T21:35:29.417Z,
bm25:en03-f2,c3,yes,baseline,2026-09-25T21:35:29.417Z,1
bm25:en03-f3,c1,yes,auto,2026-09-25T21:35:29.417Z,
bm25:en03-f3,c2,yes,auto,2026-09-25T21:35:29.417Z,
bm25:en03-f3,c3,yes,baseline,2026-09-25T21:35:29.417Z,1
bm25:en04-f1,c1,yes,auto,2026-09-25T21:35:29.417Z,
bm25:en04-f1,c2,yes,auto,2026-09-25T21:35:29.417Z,
bm25:en04-f1,c3,yes,baseline,2026-09-25T21:35:29.417Z,1
bm25:en04-f2,c1,yes,auto,2026-09-25T21:35:29.417Z,
bm25:en04-f2,c2,yes,auto,2026-09-25T21:35:29.417Z,
bm25:en04-f2,c3,yes,baseline,2026-09-25T21:35:29.417Z,1
bm25:en04-f3,c1,yes,auto,2026-09-25T21:35:29.417Z,
bm25:en04-f3,c2,yes,auto,2026-09-25T21:35:29.417Z,
bm25:en04-f3,c3,yes,baseline,2026-09-25T21:35:29.417Z,1
bm25:en05-f1,c1,yes,auto,2026-09-25T21:35:29.417Z,
bm25:en05-f1,c2,yes,auto,2026-09-25T21:35:29.417Z,
bm25:en05-f1,c3,yes,baseline,2026-09-25T21:35:29.417Z,1
bm25:en05-f2,c1,yes,auto,2026-09-25T21:35:29.417Z,
bm25:en05-f2,c2,yes,auto,2026-09-25T21:35:29.417Z,
bm25:en05-f2,c3,yes,baseline,2026-09-25T21:35:29.417Z,1
bm25:en05-f3,c1,yes,auto,2026-09-25T21:35:29.417Z,
bm25:en05-f3,c2,yes,auto,2026-09-25T21:35:29.417Z,
bm25:en05-f3,c3,yes,baseline,2026-09-25T21:35:29.417Z,1
bm25:en06-f1,c1,yes,auto,2026-09-25T21:35:29.417Z,
bm25:en06-f1,c2,yes,auto,2026-09-25T21:35:29.417Z,
bm25:en06-f1,c3,yes,baseline,2026-09-25T21:35:29.417Z,1
bm25:en06-f2,c1,yes,auto,2026-09-25T21:35:29.417Z,
bm25:en06-f2,c2,yes,auto,2026-09-25T21:35:29.417Z,
bm25:en06-f2,c3,yes,baseline,2026-09-25T21:35:29.417Z,1
bm25:en06-f3,c1,yes,auto,2026-09-25T21:35:29.417Z,
bm25:en06-f3,c2,yes,auto,2026-09-25T21:35:29.417Z,
bm25:en06-f3,c3,yes,baseline,2026-09-25T21:35:29.417Z,1
bm25:en07-f1,c1,yes,auto,2026-09-25T21:35:29.417Z,
bm25:en07-f1,c2,yes,auto,2026-09-25T21:35:29.417Z,
bm25:en07-f1,c3,yes,baseline,2026-09-25T21:35:29.417Z,1
bm25:en07-f2,c1,yes,auto,2026-09-25T21:35:29.417Z,
bm25:en07-f2,c2,yes,auto,2026-09-25T21:35:29.417Z,
bm25:en07-f2,c3,yes,baseline,2026-09-25T21:35:29.417Z,1
bm25:en07-f3,c1,yes,auto,2026-09-25T21:35:29.417Z,
bm25:en07-f3,c2,yes,auto,2026-09-25T21:35:29.417Z,
bm25:en07-f3,c3,yes,baseline,2026-09-25T21:35:29.417Z,1
bm25:en08-f1,c1,yes,auto,2026-09-25T21:35:29.417Z,
bm25:en08-f1,c2,yes,auto,2026-09-25T21:35:29.417Z,
bm25:en08-f1,c3,yes,baseline,2026-09-25T21:35:29.417Z,1
bm25:en08-f2,c1,yes,auto,2026-09-25T21:35:29.417Z,
bm25:en08-f2,c2,yes,auto,2026-09-25T21:35:29.417Z,
bm25:en08-f2,c3,yes,baseline,2026-09-25T21:35:29.417Z,1
bm25:en08-f3,c1,yes,auto,2026-09-25T21:35:29.417Z,
bm25:en08-f3,c2,yes,auto,2026-09-25T21:35:29.417Z,
bm25:en08-f3,c3,yes,baseline,2026-09-25T21:35:29.417Z,1
bm25:ru01-f1,c1,yes,auto,2026-09-25T21:35:29.418Z,
bm25:ru01-f1,c2,yes,auto,2026-09-25T21:35:29.418Z,
bm25:ru01-f1,c3,yes,baseline,2026-09-25T21:35:29.418Z,1
bm25:ru01-f2,c1,yes,auto,2026-09-25T21:35:29.418Z,
bm25:ru01-f2,c2,yes,auto,2026-09-25T21:35:29.418Z,
bm25:ru01-f2,c3,yes,baseline,2026-09-25T21:35:29.418Z,1
bm25:ru01-f3,c1,yes,auto,2026-09-25T21:35:29.418Z,
bm25:ru01-f3,c2,yes,auto,2026-09-25T21:35:29.418Z,
bm25:ru01-f3,c3,yes,baseline,2026-09-25T21:35:29.418Z,1
bm25:ru02-f1,c1,yes,auto,2026-09-25T21:35:29.418Z,
bm25:ru02-f1,c2,yes,auto,2026-09-25T21:35:29.418Z,
bm25:ru02-f1,c3,yes,baseline,2026-09-25T21:35:29.418Z,1
bm25:ru02-f2,c1,yes,auto,2026-09-25T21:35:29.418Z,
bm25:ru02-f2,c2,yes,auto,2026-09-25T21:35:29.418Z,
bm25:ru02-f2,c3,yes,baseline,2026-09-25T21:35:29.418Z,1
bm25:ru02-f3,c1,yes,auto,2026-09-25T21:35:29.418Z,
bm25:ru02-f3,c2,yes,auto,2026-09-25T21:35:29.418Z,
bm25:ru02-f3,c3,yes,baseline,2026-09-25T21:35:29.418Z,1
bm25:ru03-f1,c1,yes,auto,2026-09-25T21:35:29.418Z,
bm25:ru03-f1,c2,yes,auto,2026-09-25T21:35:29.418Z,
bm25:ru03-f1,c3,yes,baseline,2026-09-25T21:35:29.418Z,1
bm25:ru03-f2,c1,yes,auto,2026-09-25T21:35:29.418Z,
bm25:ru03-f2,c2,yes,auto,2026-09-25T21:35:29.418Z,
bm25:ru03-f2,c3,yes,baseline,2026-09-25T21:35:29.418Z,1
bm25:ru03-f3,c1,yes,auto,2026-09-25T21:35:29.418Z,
bm25:ru03-f3,c2,yes,auto,2026-09-25T21:35:29.418Z,
bm25:ru03-f3,c3,yes,baseline,2026-09-25T21:35:29.418Z,1
bm25:ru04-f1,c1,yes,auto,2026-09-25T21:35:29.418Z,
bm25:ru04-f1,c2,yes,auto,2026-09-25T21:35:29.418Z,
bm25:ru04-f1,c3,yes,baseline,2026-09-25T21:35:29.418Z,1
bm25:ru04-f2,c1,yes,auto,2026-09-25T21:35:29.418Z,
bm25:ru04-f2,c2,yes,auto,2026-09-25T21:35:29.418Z,
bm25:ru04-f2,c3,yes,baseline,2026-09-25T21:35:29.418Z,1
bm25:ru04-f3,c1,yes,auto,2026-09-25T21:35:29.418Z,
bm25:ru04-f3,c2,yes,auto,2026-09-25T21:35:29.418Z,
bm25:ru04-f3,c3,yes,baseline,2026-09-25T21:35:29.418Z,1
bm25:ru05-f1,c1,yes,auto,2026-09-25T21:35:29.418Z,
bm25:ru05-f1,c2,yes,auto,2026-09-25T21:35:29.418Z,
bm25:ru05-f1,c3,yes,baseline,2026-09-25T21:35:29.418Z,1
bm25:ru05-f2,c1,yes,auto,2026-09-25T21:35:29.418Z,
bm25:ru05-f2,c2,yes,auto,2026-09-25T21:35:29.418Z,
bm25:ru05-f2,c3,yes,baseline,2026-09-25T21:35:29.418Z,1
bm25:ru05-f3,c1,yes,auto,2026-09-25T21:35:29.418Z,
bm25:ru05-f3,c2,yes,auto,2026-09-25T21:35:29.418Z,
bm25:ru05-f3,c3,yes,baseline,2026-09-25T21:35:29.418Z,1
bm25:ru06-f1,c1,yes,auto,2026-09-25T21:35:29.418Z,
bm25:ru06-f1,c2,yes,auto,2026-09-25T21:35:29.418Z,
bm25:ru06-f1,c3,yes,baseline,2026-09-25T21:35:29.418Z,1
bm25:ru06-f2,c1,yes,auto,2026-09-25T21:35:29.418Z,
bm25:ru06-f2,c2,yes,auto,2026-09-25T21:35:29.418Z,
bm25:ru06-f2,c3,yes,baseline,2026-09-25T21:35:29.418Z,1
bm25:ru06-f3,c1,yes,auto,2026-09-25T21:35:29.418Z,
bm25:ru06-f3,c2,yes,auto,2026-09-25T21:35:29.418Z,
bm25:ru06-f3,c3,yes,baseline,2026-09-25T21:35:29.418Z,1
bm25:ru07-f1,c1,yes,auto,2026-09-25T21:35:29.418Z,
bm25:ru07-f1,c2,yes,auto,2026-09-25T21:35:29.418Z,
bm25:ru07-f1,c3,yes,baseline,2026-09-25T21:35:29.418Z,1
bm25:ru07-f2,c1,yes,auto,2026-09-25T21:35:29.418Z,
bm25:ru07-f2,c2,yes,auto,2026-09-25T21:35:29.418Z,
bm25:ru07-f2,c3,yes,baseline,2026-09-25T21:35:29.418Z,1
bm25:ru07-f3,c1,yes,auto,2026-09-25T21:35:29.418Z,
bm25:ru07-f3,c2,yes,auto,2026-09-25T21:35:29.418Z,
bm25:ru07-f3,c3,yes,baseline,2026-09-25T21:35:29.418Z,1
bm25:ru08-f1,c1,yes,auto,2026-09-25T21:35:29.418Z,
bm25:ru08-f1,c2,yes,auto,2026-09-25T21:35:29.418Z,
bm25:ru08-f1,c3,yes,baseline,2026-09-25T21:35:29.418Z,1
bm25:ru08-f2,c1,yes,auto,2026-09-25T21:35:29.418Z,
bm25:ru08-f2,c2,yes,auto,2026-09-25T21:35:29.418Z,
bm25:ru08-f2,c3,yes,baseline,2026-09-25T21:35:29.418Z,1
bm25:ru08-f3,c1,yes,auto,2026-09-25T21:35:29.418Z,
bm25:ru08-f3,c2,yes,auto,2026-09-25T21:35:29.418Z,
bm25:ru08-f3,c3,yes,baseline,2026-09-25T21:35:29.418Z,1
bm25:kk01-f1,c1,yes,auto,2026-09-25T21:35:29.418Z,
bm25:kk01-f1,c2,yes,auto,2026-09-25T21:35:29.418Z,
bm25:kk01-f1,c3,yes,baseline,2026-09-25T21:35:29.418Z,1
bm25:kk01-f2,c1,yes,auto,2026-09-25T21:35:29.418Z,
bm25:kk01-f2,c2,yes,auto,2026-09-25T21:35:29.418Z,
bm25:kk01-f2,c3,yes,baseline,2026-09-25T21:35:29.418Z,1
bm25:kk01-f3,c1,yes,auto,2026-09-25T21:35:29.418Z,
bm25:kk01-f3,c2,yes,auto,2026-09-25T21:35:29.418Z,
bm25:kk01-f3,c3,yes,baseline,2026-09-25T21:35:29.418Z,1
bm25:kk02-f1,c1,yes,auto,2026-09-25T21:35:29.418Z,
bm25:kk02-f1,c2,yes,auto,2026-09-25T21:35:29.418Z,
bm25:kk02-f1,c3,yes,baseline,2026-09-25T21:35:29.418Z,1
bm25:kk02-f2,c1,yes,auto,2026-09-25T21:35:29.418Z,
bm25:kk02-f2,c2,yes,auto,2026-09-25T21:35:29.418Z,
bm25:kk02-f2,c3,yes,baseline,2026-09-25T21:35:29.418Z,1
bm25:kk02-f3,c1,yes,auto,2026-09-25T21:35:29.418Z,
bm25:kk02-f3,c2,yes,auto,2026-09-25T21:35:29.418Z,
bm25:kk02-f3,c3,yes,baseline,2026-09-25T21:35:29.418Z,1
bm25:kk03-f1,c1,yes,auto,2026-09-25T21:35:29.418Z,
bm25:kk03-f1,c2,yes,auto,2026-09-25T21:35:29.418Z,
bm25:kk03-f1,c3,yes,baseline,2026-09-25T21:35:29.418Z,1
bm25:kk03-f2,c1,yes,auto,2026-09-25T21:35:29.418Z,
bm25:kk03-f2,c2,yes,auto,2026-09-25T21:35:29.418Z,
bm25:kk03-f2,c3,yes,baseline,2026-09-25T21:35:29.418Z,1
bm25:kk03-f3,c1,yes,auto,2026-09-25T21:35:29.418Z,
bm25:kk03-f3,c2,yes,auto,2026-09-25T21:35:29.418Z,
bm25:kk03-f3,c3,yes,baseline,2026-09-25T21:35:29.418Z,1
bm25:kk04-f1,c1,yes,auto,2026-09-25T21:35:29.418Z,
bm25:kk04-f1,c2,yes,auto,2026-09-25T21:35:29.418Z,
bm25:kk04-f1,c3,yes,baseline,2026-09-25T21:35:29.418Z,1
bm25:kk04-f2,c1,yes,auto,2026-09-25T21:35:29.418Z,
bm25:kk04-f2,c2,yes,auto,2026-09-25T21:35:29.418Z,
bm25:kk04-f2,c3,yes,baseline,2026-09-25T21:35:29.418Z,1
bm25:kk04-f3,c1,yes,auto,2026-09-25T21:35:29.418Z,
bm25:kk04-f3,c2,yes,auto,2026-09-25T21:35:29.418Z,
bm25:kk04-f3,c3,yes,baseline,2026-09-25T21:35:29.418Z,1
bm25:kk05-f1,c1,yes,auto,2026-09-25T21:35:29.418Z,
bm25:kk05-f1,c2,yes,auto,2026-09-25T21:35:29.418Z,
bm25:kk05-f1,c3,yes,baseline,2026-09-25T21:35:29.418Z,1
bm25:kk05-f2,c1,yes,auto,2026-09-25T21:35:29.418Z,
bm25:kk05-f2,c2,yes,auto,2026-09-25T21:35:29.418Z,
bm25:kk05-f2,c3,yes,baseline,2026-09-25T21:35:29.418Z,1
bm25:kk05-f3,c1,yes,auto,2026-09-25T21:35:29.418Z,
bm25:kk05-f3,c2,yes,auto,2026-09-25T21:35:29.418Z,
bm25:kk05-f3,c3,yes,baseline,2026-09-25T21:35:29.418Z,1
bm25:kk06-f1,c1,yes,auto,2026-09-25T21:35:29.418Z,
bm25:kk06-f1,c2,yes,auto,2026-09-25T21:35:29.418Z,
bm25:kk06-f1,c3,yes,baseline,2026-09-25T21:35:29.418Z,1
bm25:kk06-f2,c1,yes,auto,2026-09-25T21:35:29.418Z,
bm25:kk06-f2,c2,yes,auto,2026-09-25T21:35:29.418Z,
bm25:kk06-f2,c3,yes,baseline,2026-09-25T21:35:29.418Z,1
bm25:kk06-f3,c1,yes,auto,2026-09-25T21:35:29.418Z,
bm25:kk06-f3,c2,yes,auto,2026-09-25T21:35:29.418Z,
bm25:kk06-f3,c3,yes,baseline,2026-09-25T21:35:29.418Z,1
bm25:kk07-f1,c1,yes,auto,2026-09-25T21:35:29.418Z,
bm25:kk07-f1,c2,yes,auto,2026-09-25T21:35:29.418Z,
bm25:kk07-f1,c3,yes,baseline,2026-09-25T21:35:29.418Z,1
bm25:kk07-f2,c1,yes,auto,2026-09-25T21:35:29.418Z,
bm25:kk07-f2,c2,yes,auto,2026-09-25T21:35:29.418Z,
bm25:kk07-f2,c3,yes,baseline,2026-09-25T21:35:29.418Z,1
bm25:kk07-f3,c1,yes,auto,2026-09-25T21:35:29.418Z,
bm25:kk07-f3,c2,yes,auto,2026-09-25T21:35:29.418Z,
bm25:kk07-f3,c3,yes,baseline,2026-09-25T21:35:29.418Z,1
bm25:kk08-f1,c1,yes,auto,2026-09-25T21:35:29.418Z,
bm25:kk08-f1,c2,yes,auto,2026-09-25T21:35:29.418Z,
bm25:kk08-f1,c3,yes,baseline,2026-09-25T21:35:29.418Z,1
bm25:kk08-f2,c1,yes,auto,2026-09-25T21:35:29.418Z,
bm25:kk08-f2,c2,yes,auto,2026-09-25T21:35:29.418Z,
bm25:kk08-f2,c3,yes,baseline,2026-09-25T21:35:29.418Z,1
bm25:kk08-f3,c1,yes,auto,2026-09-25T21:35:29.418Z,
bm25:kk08-f3,c2,yes,auto,2026-09-25T21:35:29.418Z,
bm25:kk08-f3,c3,yes,baseline,2026-09-25T21:35:29.418Z,1
bm25:un-en-01,c1,review,auto,2026-09-25T21:35:29.418Z,
bm25:un-en-01,c2,yes,auto,2026-09-25T21:35:29.418Z,
bm25:un-en-01,c3,yes,baseline,2026-09-25T21:35:29.418Z,1
bm25:un-en-02,c1,review,auto,2026-09-25T21:35:29.418Z,
bm25:un-en-02,c2,yes,auto,2026-09-25T21:35:29.418Z,
bm25:un-en-02,c3,yes,baseline,2026-09-25T21:35:29.418Z,1
bm25:un-ru-01,c1,review,auto,2026-09-25T21:35:29.418Z,
bm25:un-ru-01,c2,yes,auto,2026-09-25T21:35:29.418Z,
bm25:un-ru-01,c3,yes,baseline,2026-09-25T21:35:29.418Z,1
bm25:un-ru-02,c1,review,auto,2026-09-25T21:35:29.418Z,
bm25:un-ru-02,c2,yes,auto,2026-09-25T21:35:29.418Z,
bm25:un-ru-02,c3,yes,baseline,2026-09-25T21:35:29.418Z,1
bm25:un-kk-01,c1,review,auto,2026-09-25T21:35:29.418Z,
bm25:un-kk-01,c2,yes,auto,2026-09-25T21:35:29.418Z,
bm25:un-kk-01,c3,yes,baseline,2026-09-25T21:35:29.418Z,1
bm25:un-kk-02,c1,review,auto,2026-09-25T21:35:29.418Z,
bm25:un-kk-02,c2,no,auto,2026-09-25T21:35:29.418Z,
bm25:un-kk-02,c3,no,baseline,2026-09-25T21:35:29.418Z,0
bm25:hard-en-01,c1,yes,auto,2026-09-25T21:35:29.418Z,
bm25:hard-en-01,c2,yes,auto,2026-09-25T21:35:29.418Z,
bm25:hard-en-01,c3,yes,baseline,2026-09-25T21:35:29.418Z,1
bm25:hard-en-02,c1,yes,auto,2026-09-25T21:35:29.418Z,
bm25:hard-en-02,c2,yes,auto,2026-09-25T21:35:29.418Z,
bm25:hard-en-02,c3,yes,baseline,2026-09-25T21:35:29.418Z,1
bm25:hard-en-03,c1,yes,auto,2026-09-25T21:35:29.418Z,
bm25:hard-en-03,c2,yes,auto,2026-09-25T21:35:29.418Z,
bm25:hard-en-03,c3,yes,baseline,2026-09-25T21:35:29.418Z,1
bm25:hard-en-04,c1,yes,auto,2026-09-25T21:35:29.418Z,
bm25:hard-en-04,c2,yes,auto,2026-09-25T21:35:29.418Z,
bm25:hard-en-04,c3,yes,baseline,2026-09-25T21:35:29.418Z,1
bm25:hard-en-05,c1,yes,auto,2026-09-25T21:35:29.418Z,
bm25:hard-en-05,c2,yes,auto,2026-09-25T21:35:29.418Z,
bm25:hard-en-05,c3,yes,baseline,2026-09-25T21:35:29.418Z,1
bm25:hard-en-06,c1,yes,auto,2026-09-25T21:35:29.418Z,
bm25:hard-en-06,c2,yes,auto,2026-09-25T21:35:29.418Z,
bm25:hard-en-06,c3,yes,baseline,2026-09-25T21:35:29.418Z,1
bm25:hard-en-07,c1,yes,auto,2026-09-25T21:35:29.418Z,
bm25:hard-en-07,c2,yes,auto,2026-09-25T21:35:29.418Z,
bm25:hard-en-07,c3,yes,baseline,2026-09-25T21:35:29.418Z,1
bm25:hard-en-08,c1,yes,auto,2026-09-25T21:35:29.418Z,
bm25:hard-en-08,c2,yes,auto,2026-09-25T21:35:29.418Z,
bm25:hard-en-08,c3,yes,baseline,2026-09-25T21:35:29.418Z,1
bm25:hard-en-09,c1,yes,auto,2026-09-25T21:35:29.418Z,
bm25:hard-en-09,c2,yes,auto,2026-09-25T21:35:29.418Z,
bm25:hard-en-09,c3,yes,baseline,2026-09-25T21:35:29.418Z,1
bm25:hard-en-10,c1,yes,auto,2026-09-25T21:35:29.418Z,
bm25:hard-en-10,c2,yes,auto,2026-09-25T21:35:29.418Z,
bm25:hard-en-10,c3,yes,baseline,2026-09-25T21:35:29.418Z,1
bm25:hard-en-11,c1,yes,auto,2026-09-25T21:35:29.418Z,
bm25:hard-en-11,c2,yes,auto,2026-09-25T21:35:29.418Z,
bm25:hard-en-11,c3,yes,baseline,2026-09-25T21:35:29.418Z,1
bm25:hard-en-12,c1,yes,auto,2026-09-25T21:35:29.418Z,
bm25:hard-en-12,c2,yes,auto,2026-09-25T21:35:29.418Z,
bm25:hard-en-12,c3,yes,baseline,2026-09-25T21:35:29.418Z,1
bm25:hard-ru-01,c1,yes,auto,2026-09-25T21:35:29.418Z,
bm25:hard-ru-01,c2,yes,auto,2026-09-25T21:35:29.418Z,
bm25:hard-ru-01,c3,yes,baseline,2026-09-25T21:35:29.418Z,1
bm25:hard-ru-02,c1,yes,auto,2026-09-25T21:35:29.418Z,
bm25:hard-ru-02,c2,yes,auto,2026-09-25T21:35:29.418Z,
bm25:hard-ru-02,c3,yes,baseline,2026-09-25T21:35:29.418Z,1
bm25:hard-ru-03,c1,yes,auto,2026-09-25T21:35:29.418Z,
bm25:hard-ru-03,c2,yes,auto,2026-09-25T21:35:29.418Z,
bm25:hard-ru-03,c3,yes,baseline,2026-09-25T21:35:29.418Z,1
bm25:hard-ru-04,c1,yes,auto,2026-09-25T21:35:29.418Z,
bm25:hard-ru-04,c2,yes,auto,2026-09-25T21:35:29.418Z,
bm25:hard-ru-04,c3,yes,baseline,2026-09-25T21:35:29.418Z,1
bm25:hard-ru-05,c1,yes,auto,2026-09-25T21:35:29.418Z,
bm25:hard-ru-05,c2,yes,auto,2026-09-25T21:35:29.418Z,
bm25:hard-ru-05,c3,yes,baseline,2026-09-25T21:35:29.418Z,1
bm25:hard-ru-06,c1,yes,auto,2026-09-25T21:35:29.418Z,
bm25:hard-ru-06,c2,yes,auto,2026-09-25T21:35:29.418Z,
bm25:hard-ru-06,c3,yes,baseline,2026-09-25T21:35:29.418Z,1
bm25:hard-ru-07,c1,yes,auto,2026-09-25T21:35:29.418Z,
bm25:hard-ru-07,c2,yes,auto,2026-09-25T21:35:29.418Z,
bm25:hard-ru-07,c3,yes,baseline,2026-09-25T21:35:29.418Z,1
bm25:hard-ru-08,c1,yes,auto,2026-09-25T21:35:29.418Z,
bm25:hard-ru-08,c2,yes,auto,2026-09-25T21:35:29.418Z,
bm25:hard-ru-08,c3,yes,baseline,2026-09-25T21:35:29.418Z,1
bm25:hard-ru-09,c1,yes,auto,2026-09-25T21:35:29.418Z,
bm25:hard-ru-09,c2,yes,auto,2026-09-25T21:35:29.418Z,
bm25:hard-ru-09,c3,yes,baseline,2026-09-25T21:35:29.418Z,1
bm25:hard-ru-10,c1,yes,auto,2026-09-25T21:35:29.418Z,
bm25:hard-ru-10,c2,yes,auto,2026-09-25T21:35:29.418Z,
bm25:hard-ru-10,c3,yes,baseline,2026-09-25T21:35:29.418Z,1
bm25:hard-ru-11,c1,yes,auto,2026-09-25T21:35:29.418Z,
bm25:hard-ru-11,c2,yes,auto,2026-09-25T21:35:29.418Z,
bm25:hard-ru-11,c3,yes,baseline,2026-09-25T21:35:29.418Z,1
bm25:hard-ru-12,c1,yes,auto,2026-09-25T21:35:29.418Z,
bm25:hard-ru-12,c2,yes,auto,2026-09-25T21:35:29.418Z,
bm25:hard-ru-12,c3,yes,baseline,2026-09-25T21:35:29.418Z,1
bm25:hard-kk-01,c1,yes,auto,2026-09-25T21:35:29.418Z,
bm25:hard-kk-01,c2,yes,auto,2026-09-25T21:35:29.418Z,
bm25:hard-kk-01,c3,yes,baseline,2026-09-25T21:35:29.418Z,1
bm25:hard-kk-02,c1,yes,auto,2026-09-25T21:35:29.418Z,
bm25:hard-kk-02,c2,yes,auto,2026-09-25T21:35:29.418Z,
bm25:hard-kk-02,c3,yes,baseline,2026-09-25T21:35:29.418Z,1
bm25:hard-kk-03,c1,yes,auto,2026-09-25T21:35:29.418Z,
bm25:hard-kk-03,c2,yes,auto,2026-09-25T21:35:29.418Z,
bm25:hard-kk-03,c3,yes,baseline,2026-09-25T21:35:29.418Z,1
bm25:hard-kk-04,c1,yes,auto,2026-09-25T21:35:29.418Z,
bm25:hard-kk-04,c2,yes,auto,2026-09-25T21:35:29.418Z,
bm25:hard-kk-04,c3,yes,baseline,2026-09-25T21:35:29.418Z,1
bm25:hard-kk-05,c1,yes,auto,2026-09-25T21:35:29.418Z,
bm25:hard-kk-05,c2,yes,auto,2026-09-25T21:35:29.418Z,
bm25:hard-kk-05,c3,yes,baseline,2026-09-25T21:35:29.418Z,1
bm25:hard-kk-06,c1,yes,auto,2026-09-25T21:35:29.418Z,
bm25:hard-kk-06,c2,yes,auto,2026-09-25T21:35:29.418Z,
bm25:hard-kk-06,c3,yes,baseline,2026-09-25T21:35:29.418Z,1
bm25:hard-kk-07,c1,yes,auto,2026-09-25T21:35:29.418Z,
bm25:hard-kk-07,c2,yes,auto,2026-09-25T21:35:29.418Z,
bm25:hard-kk-07,c3,yes,baseline,2026-09-25T21:35:29.418Z,1
bm25:hard-kk-08,c1,yes,auto,2026-09-25T21:35:29.418Z,
bm25:hard-kk-08,c2,yes,auto,2026-09-25T21:35:29.418Z,
bm25:hard-kk-08,c3,yes,baseline,2026-09-25T21:35:29.418Z,1
bm25:hard-kk-09,c1,yes,auto,2026-09-25T21:35:29.418Z,
bm25:hard-kk-09,c2,yes,auto,2026-09-25T21:35:29.418Z,
bm25:hard-kk-09,c3,yes,baseline,2026-09-25T21:35:29.418Z,1
bm25:hard-kk-10,c1,yes,auto,2026-09-25T21:35:29.418Z,
bm25:hard-kk-10,c2,yes,auto,2026-09-25T21:35:29.418Z,
bm25:hard-kk-10,c3,yes,baseline,2026-09-25T21:35:29.418Z,1
bm25:hard-kk-11,c1,yes,auto,2026-09-25T21:35:29.418Z,
bm25:hard-kk-11,c2,yes,auto,2026-09-25T21:35:29.418Z,
bm25:hard-kk-11,c3,yes,baseline,2026-09-25T21:35:29.418Z,1
bm25:hard-kk-12,c1,yes,auto,2026-09-25T21:35:29.418Z,
bm25:hard-kk-12,c2,yes,auto,2026-09-25T21:35:29.418Z,
bm25:hard-kk-12,c3,yes,baseline,2026-09-25T21:35:29.418Z,1
embedding:en01-f1,c1,yes,auto,2026-09-25T21:35:29.418Z,
embedding:en01-f1,c2,yes,auto,2026-09-25T21:35:29.418Z,
embedding:en01-f1,c3,yes,baseline,2026-09-25T21:35:29.418Z,1
embedding:en01-f2,c1,yes,auto,2026-09-25T21:35:29.418Z,
embedding:en01-f2,c2,yes,auto,2026-09-25T21:35:29.418Z,
embedding:en01-f2,c3,yes,baseline,2026-09-25T21:35:29.418Z,1
embedding:en01-f3,c1,yes,auto,2026-09-25T21:35:29.418Z,
embedding:en01-f3,c2,yes,auto,2026-09-25T21:35:29.418Z,
embedding:en01-f3,c3,yes,baseline,2026-09-25T21:35:29.418Z,1
embedding:en02-f1,c1,yes,auto,2026-09-25T21:35:29.418Z,
embedding:en02-f1,c2,yes,auto,2026-09-25T21:35:29.418Z,
embedding:en02-f1,c3,yes,baseline,2026-09-25T21:35:29.418Z,1
embedding:en02-f2,c1,yes,auto,2026-09-25T21:35:29.418Z,
embedding:en02-f2,c2,yes,auto,2026-09-25T21:35:29.418Z,
embedding:en02-f2,c3,yes,baseline,2026-09-25T21:35:29.418Z,1
embedding:en02-f3,c1,yes,auto,2026-09-25T21:35:29.418Z,
embedding:en02-f3,c2,yes,auto,2026-09-25T21:35:29.418Z,
embedding:en02-f3,c3,yes,baseline,2026-09-25T21:35:29.418Z,1
embedding:en03-f1,c1,yes,auto,2026-09-25T21:35:29.418Z,
embedding:en03-f1,c2,yes,auto,2026-09-25T21:35:29.418Z,
embedding:en03-f1,c3,yes,baseline,2026-09-25T21:35:29.418Z,1
embedding:en03-f2,c1,yes,auto,2026-09-25T21:35:29.418Z,
embedding:en03-f2,c2,yes,auto,2026-09-25T21:35:29.418Z,
embedding:en03-f2,c3,yes,baseline,2026-09-25T21:35:29.418Z,1
embedding:en03-f3,c1,yes,auto,2026-09-25T21:35:29.418Z,
embedding:en03-f3,c2,yes,auto,2026-09-25T21:35:29.418Z,
embedding:en03-f3,c3,yes,baseline,2026-09-25T21:35:29.418Z,1
embedding:en04-f1,c1,yes,auto,2026-09-25T21:35:29.418Z,
embedding:en04-f1,c2,yes,auto,2026-09-25T21:35:29.418Z,
embedding:en04-f1,c3,yes,baseline,2026-09-25T21:35:29.418Z,1
embedding:en04-f2,c1,yes,auto,2026-09-25T21:35:29.418Z,
embedding:en04-f2,c2,yes,auto,2026-09-25T21:35:29.418Z,
embedding:en04-f2,c3,yes,baseline,2026-09-25T21:35:29.418Z,1
embedding:en04-f3,c1,yes,auto,2026-09-25T21:35:29.418Z,
embedding:en04-f3,c2,yes,auto,2026-09-25T21:35:29.418Z,
embedding:en04-f3,c3,yes,baseline,2026-09-25T21:35:29.418Z,1
embedding:en05-f1,c1,yes,auto,2026-09-25T21:35:29.418Z,
embedding:en05-f1,c2,yes,auto,2026-09-25T21:35:29.418Z,
embedding:en05-f1,c3,yes,baseline,2026-09-25T21:35:29.418Z,1
embedding:en05-f2,c1,yes,auto,2026-09-25T21:35:29.418Z,
embedding:en05-f2,c2,yes,auto,2026-09-25T21:35:29.418Z,
embedding:en05-f2,c3,yes,baseline,2026-09-25T21:35:29.418Z,1
embedding:en05-f3,c1,yes,auto,2026-09-25T21:35:29.418Z,
embedding:en05-f3,c2,yes,auto,2026-09-25T21:35:29.418Z,
embedding:en05-f3,c3,yes,baseline,2026-09-25T21:35:29.418Z,1
embedding:en06-f1,c1,yes,auto,2026-09-25T21:35:29.418Z,
embedding:en06-f1,c2,yes,auto,2026-09-25T21:35:29.418Z,
embedding:en06-f1,c3,yes,baseline,2026-09-25T21:35:29.418Z,1
embedding:en06-f2,c1,yes,auto,2026-09-25T21:35:29.418Z,
embedding:en06-f2,c2,yes,auto,2026-09-25T21:35:29.418Z,
embedding:en06-f2,c3,yes,baseline,2026-09-25T21:35:29.418Z,1
embedding:en06-f3,c1,yes,auto,2026-09-25T21:35:29.418Z,
embedding:en06-f3,c2,yes,auto,2026-09-25T21:35:29.418Z,
embedding:en06-f3,c3,yes,baseline,2026-09-25T21:35:29.418Z,1
embedding:en07-f1,c1,yes,auto,2026-09-25T21:35:29.418Z,
embedding:en07-f1,c2,yes,auto,2026-09-25T21:35:29.418Z,
embedding:en07-f1,c3,yes,baseline,2026-09-25T21:35:29.418Z,1
embedding:en07-f2,c1,yes,auto,2026-09-25T21:35:29.418Z,
embedding:en07-f2,c2,yes,auto,2026-09-25T21:35:29.418Z,
embedding:en07-f2,c3,yes,baseline,2026-09-25T21:35:29.418Z,1
embedding:en07-f3,c1,yes,auto,2026-09-25T21:35:29.418Z,
embedding:en07-f3,c2,yes,auto,2026-09-25T21:35:29.418Z,
embedding:en07-f3,c3,yes,baseline,2026-09-25T21:35:29.418Z,1
embedding:en08-f1,c1,yes,auto,2026-09-25T21:35:29.418Z,
embedding:en08-f1,c2,yes,auto,2026-09-25T21:35:29.418Z,
embedding:en08-f1,c3,yes,baseline,2026-09-25T21:35:29.418Z,1
embedding:en08-f2,c1,yes,auto,2026-09-25T21:35:29.418Z,
embedding:en08-f2,c2,yes,auto,2026-09-25T21:35:29.418Z,
embedding:en08-f2,c3,yes,baseline,2026-09-25T21:35:29.418Z,1
embedding:en08-f3,c1,yes,auto,2026-09-25T21:35:29.418Z,
embedding:en08-f3,c2,yes,auto,2026-09-25T21:35:29.418Z,
embedding:en08-f3,c3,yes,baseline,2026-09-25T21:35:29.418Z,1
embedding:ru01-f1,c1,yes,auto,2026-09-25T21:35:29.418Z,
embedding:ru01-f1,c2,yes,auto,2026-09-25T21:35:29.418Z,
embedding:ru01-f1,c3,yes,baseline,2026-09-25T21:35:29.418Z,1
embedding:ru01-f2,c1,yes,auto,2026-09-25T21:35:29.418Z,
embedding:ru01-f2,c2,yes,auto,2026-09-25T21:35:29.418Z,
embedding:ru01-f2,c3,yes,baseline,2026-09-25T21:35:29.418Z,1
embedding:ru01-f3,c1,yes,auto,2026-09-25T21:35:29.418Z,
embedding:ru01-f3,c2,yes,auto,2026-09-25T21:35:29.418Z,
embedding:ru01-f3,c3,yes,baseline,2026-09-25T21:35:29.418Z,1
embedding:ru02-f1,c1,yes,auto,2026-09-25T21:35:29.418Z,
embedding:ru02-f1,c2,yes,auto,2026-09-25T21:35:29.418Z,
embedding:ru02-f1,c3,yes,baseline,2026-09-25T21:35:29.418Z,1
embedding:ru02-f2,c1,yes,auto,2026-09-25T21:35:29.418Z,
embedding:ru02-f2,c2,yes,auto,2026-09-25T21:35:29.418Z,
embedding:ru02-f2,c3,yes,baseline,2026-09-25T21:35:29.418Z,1
embedding:ru02-f3,c1,yes,auto,2026-09-25T21:35:29.418Z,
embedding:ru02-f3,c2,yes,auto,2026-09-25T21:35:29.418Z,
embedding:ru02-f3,c3,yes,baseline,2026-09-25T21:35:29.418Z,1
embedding:ru03-f1,c1,yes,auto,2026-09-25T21:35:29.418Z,
embedding:ru03-f1,c2,yes,auto,2026-09-25T21:35:29.418Z,
embedding:ru03-f1,c3,yes,baseline,2026-09-25T21:35:29.418Z,1
embedding:ru03-f2,c1,yes,auto,2026-09-25T21:35:29.418Z,
embedding:ru03-f2,c2,yes,auto,2026-09-25T21:35:29.418Z,
embedding:ru03-f2,c3,yes,baseline,2026-09-25T21:35:29.418Z,1
embedding:ru03-f3,c1,yes,auto,2026-09-25T21:35:29.418Z,
embedding:ru03-f3,c2,yes,auto,2026-09-25T21:35:29.418Z,
embedding:ru03-f3,c3,yes,baseline,2026-09-25T21:35:29.418Z,1
embedding:ru04-f1,c1,yes,auto,2026-09-25T21:35:29.418Z,
embedding:ru04-f1,c2,yes,auto,2026-09-25T21:35:29.418Z,
embedding:ru04-f1,c3,yes,baseline,2026-09-25T21:35:29.418Z,1
embedding:ru04-f2,c1,yes,auto,2026-09-25T21:35:29.418Z,
embedding:ru04-f2,c2,yes,auto,2026-09-25T21:35:29.418Z,
embedding:ru04-f2,c3,yes,baseline,2026-09-25T21:35:29.418Z,1
embedding:ru04-f3,c1,yes,auto,2026-09-25T21:35:29.418Z,
embedding:ru04-f3,c2,yes,auto,2026-09-25T21:35:29.418Z,
embedding:ru04-f3,c3,yes,baseline,2026-09-25T21:35:29.418Z,1
embedding:ru05-f1,c1,yes,auto,2026-09-25T21:35:29.418Z,
embedding:ru05-f1,c2,yes,auto,2026-09-25T21:35:29.418Z,
embedding:ru05-f1,c3,yes,baseline,2026-09-25T21:35:29.418Z,1
embedding:ru05-f2,c1,yes,auto,2026-09-25T21:35:29.418Z,
embedding:ru05-f2,c2,yes,auto,2026-09-25T21:35:29.418Z,
embedding:ru05-f2,c3,yes,baseline,2026-09-25T21:35:29.418Z,1
embedding:ru05-f3,c1,yes,auto,2026-09-25T21:35:29.418Z,
embedding:ru05-f3,c2,yes,auto,2026-09-25T21:35:29.418Z,
embedding:ru05-f3,c3,yes,baseline,2026-09-25T21:35:29.418Z,1
embedding:ru06-f1,c1,yes,auto,2026-09-25T21:35:29.418Z,
embedding:ru06-f1,c2,yes,auto,2026-09-25T21:35:29.418Z,
embedding:ru06-f1,c3,yes,baseline,2026-09-25T21:35:29.418Z,1
embedding:ru06-f2,c1,yes,auto,2026-09-25T21:35:29.418Z,
embedding:ru06-f2,c2,yes,auto,2026-09-25T21:35:29.418Z,
embedding:ru06-f2,c3,yes,baseline,2026-09-25T21:35:29.418Z,1
embedding:ru06-f3,c1,yes,auto,2026-09-25T21:35:29.418Z,
embedding:ru06-f3,c2,yes,auto,2026-09-25T21:35:29.418Z,
embedding:ru06-f3,c3,yes,baseline,2026-09-25T21:35:29.418Z,1
embedding:ru07-f1,c1,yes,auto,2026-09-25T21:35:29.418Z,
embedding:ru07-f1,c2,yes,auto,2026-09-25T21:35:29.418Z,
embedding:ru07-f1,c3,yes,baseline,2026-09-25T21:35:29.418Z,1
embedding:ru07-f2,c1,yes,auto,2026-09-25T21:35:29.418Z,
embedding:ru07-f2,c2,yes,auto,2026-09-25T21:35:29.418Z,
embedding:ru07-f2,c3,yes,baseline,2026-09-25T21:35:29.418Z,1
embedding:ru07-f3,c1,yes,auto,2026-09-25T21:35:29.418Z,
embedding:ru07-f3,c2,yes,auto,2026-09-25T21:35:29.418Z,
embedding:ru07-f3,c3,yes,baseline,2026-09-25T21:35:29.418Z,1
embedding:ru08-f1,c1,yes,auto,2026-09-25T21:35:29.418Z,
embedding:ru08-f1,c2,yes,auto,2026-09-25T21:35:29.418Z,
embedding:ru08-f1,c3,yes,baseline,2026-09-25T21:35:29.418Z,1
embedding:ru08-f2,c1,yes,auto,2026-09-25T21:35:29.418Z,
embedding:ru08-f2,c2,yes,auto,2026-09-25T21:35:29.418Z,
embedding:ru08-f2,c3,yes,baseline,2026-09-25T21:35:29.418Z,1
embedding:ru08-f3,c1,yes,auto,2026-09-25T21:35:29.418Z,
embedding:ru08-f3,c2,yes,auto,2026-09-25T21:35:29.418Z,
embedding:ru08-f3,c3,yes,baseline,2026-09-25T21:35:29.418Z,1
embedding:kk01-f1,c1,yes,auto,2026-09-25T21:35:29.418Z,
embedding:kk01-f1,c2,yes,auto,2026-09-25T21:35:29.418Z,
embedding:kk01-f1,c3,yes,baseline,2026-09-25T21:35:29.418Z,1
embedding:kk01-f2,c1,yes,auto,2026-09-25T21:35:29.418Z,
embedding:kk01-f2,c2,yes,auto,2026-09-25T21:35:29.418Z,
embedding:kk01-f2,c3,yes,baseline,2026-09-25T21:35:29.418Z,1
embedding:kk01-f3,c1,yes,auto,2026-09-25T21:35:29.418Z,
embedding:kk01-f3,c2,yes,auto,2026-09-25T21:35:29.418Z,
embedding:kk01-f3,c3,yes,baseline,2026-09-25T21:35:29.418Z,1
embedding:kk02-f1,c1,yes,auto,2026-09-25T21:35:29.418Z,
embedding:kk02-f1,c2,yes,auto,2026-09-25T21:35:29.418Z,
embedding:kk02-f1,c3,yes,baseline,2026-09-25T21:35:29.418Z,1
embedding:kk02-f2,c1,yes,auto,2026-09-25T21:35:29.418Z,
embedding:kk02-f2,c2,yes,auto,2026-09-25T21:35:29.418Z,
embedding:kk02-f2,c3,yes,baseline,2026-09-25T21:35:29.418Z,1
embedding:kk02-f3,c1,yes,auto,2026-09-25T21:35:29.418Z,
embedding:kk02-f3,c2,yes,auto,2026-09-25T21:35:29.418Z,
embedding:kk02-f3,c3,yes,baseline,2026-09-25T21:35:29.418Z,1
embedding:kk03-f1,c1,yes,auto,2026-09-25T21:35:29.418Z,
embedding:kk03-f1,c2,yes,auto,2026-09-25T21:35:29.418Z,
embedding:kk03-f1,c3,yes,baseline,2026-09-25T21:35:29.418Z,1
embedding:kk03-f2,c1,yes,auto,2026-09-25T21:35:29.418Z,
embedding:kk03-f2,c2,yes,auto,2026-09-25T21:35:29.418Z,
embedding:kk03-f2,c3,yes,baseline,2026-09-25T21:35:29.418Z,1
embedding:kk03-f3,c1,yes,auto,2026-09-25T21:35:29.418Z,
embedding:kk03-f3,c2,yes,auto,2026-09-25T21:35:29.418Z,
embedding:kk03-f3,c3,yes,baseline,2026-09-25T21:35:29.418Z,1
embedding:kk04-f1,c1,yes,auto,2026-09-25T21:35:29.418Z,
embedding:kk04-f1,c2,yes,auto,2026-09-25T21:35:29.418Z,
embedding:kk04-f1,c3,yes,baseline,2026-09-25T21:35:29.418Z,1
embedding:kk04-f2,c1,yes,auto,2026-09-25T21:35:29.418Z,
embedding:kk04-f2,c2,yes,auto,2026-09-25T21:35:29.418Z,
embedding:kk04-f2,c3,yes,baseline,2026-09-25T21:35:29.418Z,1
embedding:kk04-f3,c1,yes,auto,2026-09-25T21:35:29.418Z,
embedding:kk04-f3,c2,yes,auto,2026-09-25T21:35:29.418Z,
embedding:kk04-f3,c3,yes,baseline,2026-09-25T21:35:29.418Z,1
embedding:kk05-f1,c1,yes,auto,2026-09-25T21:35:29.418Z,
embedding:kk05-f1,c2,yes,auto,2026-09-25T21:35:29.418Z,
embedding:kk05-f1,c3,yes,baseline,2026-09-25T21:35:29.418Z,1
embedding:kk05-f2,c1,yes,auto,2026-09-25T21:35:29.418Z,
embedding:kk05-f2,c2,yes,auto,2026-09-25T21:35:29.418Z,
embedding:kk05-f2,c3,yes,baseline,2026-09-25T21:35:29.418Z,1
embedding:kk05-f3,c1,yes,auto,2026-09-25T21:35:29.418Z,
embedding:kk05-f3,c2,yes,auto,2026-09-25T21:35:29.418Z,
embedding:kk05-f3,c3,yes,baseline,2026-09-25T21:35:29.418Z,1
embedding:kk06-f1,c1,yes,auto,2026-09-25T21:35:29.418Z,
embedding:kk06-f1,c2,yes,auto,2026-09-25T21:35:29.418Z,
embedding:kk06-f1,c3,yes,baseline,2026-09-25T21:35:29.418Z,1
embedding:kk06-f2,c1,yes,auto,2026-09-25T21:35:29.418Z,
embedding:kk06-f2,c2,yes,auto,2026-09-25T21:35:29.418Z,
embedding:kk06-f2,c3,yes,baseline,2026-09-25T21:35:29.418Z,1
embedding:kk06-f3,c1,yes,auto,2026-09-25T21:35:29.418Z,
embedding:kk06-f3,c2,yes,auto,2026-09-25T21:35:29.418Z,
embedding:kk06-f3,c3,yes,baseline,2026-09-25T21:35:29.418Z,1
embedding:kk07-f1,c1,yes,auto,2026-09-25T21:35:29.418Z,
embedding:kk07-f1,c2,yes,auto,2026-09-25T21:35:29.418Z,
embedding:kk07-f1,c3,yes,baseline,2026-09-25T21:35:29.418Z,1
embedding:kk07-f2,c1,yes,auto,2026-09-25T21:35:29.418Z,
embedding:kk07-f2,c2,yes,auto,2026-09-25T21:35:29.418Z,
embedding:kk07-f2,c3,yes,baseline,2026-09-25T21:35:29.418Z,1
embedding:kk07-f3,c1,yes,auto,2026-09-25T21:35:29.418Z,
embedding:kk07-f3,c2,yes,auto,2026-09-25T21:35:29.419Z,
embedding:kk07-f3,c3,yes,baseline,2026-09-25T21:35:29.419Z,1
embedding:kk08-f1,c1,yes,auto,2026-09-25T21:35:29.419Z,
embedding:kk08-f1,c2,yes,auto,2026-09-25T21:35:29.419Z,
embedding:kk08-f1,c3,yes,baseline,2026-09-25T21:35:29.419Z,1
embedding:kk08-f2,c1,yes,auto,2026-09-25T21:35:29.419Z,
embedding:kk08-f2,c2,yes,auto,2026-09-25T21:35:29.419Z,
embedding:kk08-f2,c3,yes,baseline,2026-09-25T21:35:29.419Z,1
embedding:kk08-f3,c1,yes,auto,2026-09-25T21:35:29.419Z,
embedding:kk08-f3,c2,yes,auto,2026-09-25T21:35:29.419Z,
embedding:kk08-f3,c3,yes,baseline,2026-09-25T21:35:29.419Z,1
embedding:un-en-01,c1,review,auto,2026-09-25T21:35:29.419Z,
embedding:un-en-01,c2,yes,auto,2026-09-25T21:35:29.419Z,
embedding:un-en-01,c3,yes,baseline,2026-09-25T21:35:29.419Z,1
embedding:un-en-02,c1,review,auto,2026-09-25T21:35:29.419Z,
embedding:un-en-02,c2,yes,auto,2026-09-25T21:35:29.419Z,
embedding:un-en-02,c3,yes,baseline,2026-09-25T21:35:29.419Z,1
embedding:un-ru-01,c1,review,auto,2026-09-25T21:35:29.419Z,
embedding:un-ru-01,c2,yes,auto,2026-09-25T21:35:29.419Z,
embedding:un-ru-01,c3,yes,baseline,2026-09-25T21:35:29.419Z,1
embedding:un-ru-02,c1,review,auto,2026-09-25T21:35:29.419Z,
embedding:un-ru-02,c2,yes,auto,2026-09-25T21:35:29.419Z,
embedding:un-ru-02,c3,yes,baseline,2026-09-25T21:35:29.419Z,1
embedding:un-kk-01,c1,review,auto,2026-09-25T21:35:29.419Z,
embedding:un-kk-01,c2,no,auto,2026-09-25T21:35:29.419Z,
embedding:un-kk-01,c3,no,baseline,2026-09-25T21:35:29.419Z,0
embedding:un-kk-02,c1,review,auto,2026-09-25T21:35:29.419Z,
embedding:un-kk-02,c2,yes,auto,2026-09-25T21:35:29.419Z,
embedding:un-kk-02,c3,yes,baseline,2026-09-25T21:35:29.419Z,1
embedding:hard-en-01,c1,yes,auto,2026-09-25T21:35:29.419Z,
embedding:hard-en-01,c2,yes,auto,2026-09-25T21:35:29.419Z,
embedding:hard-en-01,c3,yes,baseline,2026-09-25T21:35:29.419Z,1
embedding:hard-en-02,c1,yes,auto,2026-09-25T21:35:29.419Z,
embedding:hard-en-02,c2,yes,auto,2026-09-25T21:35:29.419Z,
embedding:hard-en-02,c3,yes,baseline,2026-09-25T21:35:29.419Z,1
embedding:hard-en-03,c1,yes,auto,2026-09-25T21:35:29.419Z,
embedding:hard-en-03,c2,yes,auto,2026-09-25T21:35:29.419Z,
embedding:hard-en-03,c3,yes,baseline,2026-09-25T21:35:29.419Z,1
embedding:hard-en-04,c1,yes,auto,2026-09-25T21:35:29.419Z,
embedding:hard-en-04,c2,yes,auto,2026-09-25T21:35:29.419Z,
embedding:hard-en-04,c3,yes,baseline,2026-09-25T21:35:29.419Z,1
embedding:hard-en-05,c1,yes,auto,2026-09-25T21:35:29.419Z,
embedding:hard-en-05,c2,yes,auto,2026-09-25T21:35:29.419Z,
embedding:hard-en-05,c3,yes,baseline,2026-09-25T21:35:29.419Z,1
embedding:hard-en-06,c1,yes,auto,2026-09-25T21:35:29.419Z,
embedding:hard-en-06,c2,yes,auto,2026-09-25T21:35:29.419Z,
embedding:hard-en-06,c3,yes,baseline,2026-09-25T21:35:29.419Z,1
embedding:hard-en-07,c1,yes,auto,2026-09-25T21:35:29.419Z,
embedding:hard-en-07,c2,yes,auto,2026-09-25T21:35:29.419Z,
embedding:hard-en-07,c3,yes,baseline,2026-09-25T21:35:29.419Z,1
embedding:hard-en-08,c1,yes,auto,2026-09-25T21:35:29.419Z,
embedding:hard-en-08,c2,yes,auto,2026-09-25T21:35:29.419Z,
embedding:hard-en-08,c3,yes,baseline,2026-09-25T21:35:29.419Z,1
embedding:hard-en-09,c1,yes,auto,2026-09-25T21:35:29.419Z,
embedding:hard-en-09,c2,yes,auto,2026-09-25T21:35:29.419Z,
embedding:hard-en-09,c3,yes,baseline,2026-09-25T21:35:29.419Z,1
embedding:hard-en-10,c1,yes,auto,2026-09-25T21:35:29.419Z,
embedding:hard-en-10,c2,yes,auto,2026-09-25T21:35:29.419Z,
embedding:hard-en-10,c3,yes,baseline,2026-09-25T21:35:29.419Z,1
embedding:hard-en-11,c1,yes,auto,2026-09-25T21:35:29.419Z,
embedding:hard-en-11,c2,yes,auto,2026-09-25T21:35:29.419Z,
embedding:hard-en-11,c3,yes,baseline,2026-09-25T21:35:29.419Z,1
embedding:hard-en-12,c1,yes,auto,2026-09-25T21:35:29.419Z,
embedding:hard-en-12,c2,yes,auto,2026-09-25T21:35:29.419Z,
embedding:hard-en-12,c3,yes,baseline,2026-09-25T21:35:29.419Z,1
embedding:hard-ru-01,c1,yes,auto,2026-09-25T21:35:29.419Z,
embedding:hard-ru-01,c2,yes,auto,2026-09-25T21:35:29.419Z,
embedding:hard-ru-01,c3,yes,baseline,2026-09-25T21:35:29.419Z,1
embedding:hard-ru-02,c1,yes,auto,2026-09-25T21:35:29.419Z,
embedding:hard-ru-02,c2,yes,auto,2026-09-25T21:35:29.419Z,
embedding:hard-ru-02,c3,yes,baseline,2026-09-25T21:35:29.419Z,1
embedding:hard-ru-03,c1,yes,auto,2026-09-25T21:35:29.419Z,
embedding:hard-ru-03,c2,yes,auto,2026-09-25T21:35:29.419Z,
embedding:hard-ru-03,c3,yes,baseline,2026-09-25T21:35:29.419Z,1
embedding:hard-ru-04,c1,yes,auto,2026-09-25T21:35:29.419Z,
embedding:hard-ru-04,c2,yes,auto,2026-09-25T21:35:29.419Z,
embedding:hard-ru-04,c3,yes,baseline,2026-09-25T21:35:29.419Z,1
embedding:hard-ru-05,c1,yes,auto,2026-09-25T21:35:29.419Z,
embedding:hard-ru-05,c2,yes,auto,2026-09-25T21:35:29.419Z,
embedding:hard-ru-05,c3,yes,baseline,2026-09-25T21:35:29.419Z,1
embedding:hard-ru-06,c1,yes,auto,2026-09-25T21:35:29.419Z,
embedding:hard-ru-06,c2,yes,auto,2026-09-25T21:35:29.419Z,
embedding:hard-ru-06,c3,yes,baseline,2026-09-25T21:35:29.419Z,1
embedding:hard-ru-07,c1,yes,auto,2026-09-25T21:35:29.419Z,
embedding:hard-ru-07,c2,yes,auto,2026-09-25T21:35:29.419Z,
embedding:hard-ru-07,c3,yes,baseline,2026-09-25T21:35:29.419Z,1
embedding:hard-ru-08,c1,yes,auto,2026-09-25T21:35:29.419Z,
embedding:hard-ru-08,c2,yes,auto,2026-09-25T21:35:29.419Z,
embedding:hard-ru-08,c3,yes,baseline,2026-09-25T21:35:29.419Z,1
embedding:hard-ru-09,c1,yes,auto,2026-09-25T21:35:29.419Z,
embedding:hard-ru-09,c2,yes,auto,2026-09-25T21:35:29.419Z,
embedding:hard-ru-09,c3,yes,baseline,2026-09-25T21:35:29.419Z,1
embedding:hard-ru-10,c1,yes,auto,2026-09-25T21:35:29.419Z,
embedding:hard-ru-10,c2,yes,auto,2026-09-25T21:35:29.419Z,
embedding:hard-ru-10,c3,yes,baseline,2026-09-25T21:35:29.419Z,1
embedding:hard-ru-11,c1,yes,auto,2026-09-25T21:35:29.419Z,
embedding:hard-ru-11,c2,yes,auto,2026-09-25T21:35:29.419Z,
embedding:hard-ru-11,c3,yes,baseline,2026-09-25T21:35:29.419Z,1
embedding:hard-ru-12,c1,yes,auto,2026-09-25T21:35:29.419Z,
embedding:hard-ru-12,c2,yes,auto,2026-09-25T21:35:29.419Z,
embedding:hard-ru-12,c3,yes,baseline,2026-09-25T21:35:29.419Z,1
embedding:hard-kk-01,c1,yes,auto,2026-09-25T21:35:29.419Z,
embedding:hard-kk-01,c2,yes,auto,2026-09-25T21:35:29.419Z,
embedding:hard-kk-01,c3,yes,baseline,2026-09-25T21:35:29.419Z,1
embedding:hard-kk-02,c1,yes,auto,2026-09-25T21:35:29.419Z,
embedding:hard-kk-02,c2,yes,auto,2026-09-25T21:35:29.419Z,
embedding:hard-kk-02,c3,yes,baseline,2026-09-25T21:35:29.419Z,1
embedding:hard-kk-03,c1,yes,auto,2026-09-25T21:35:29.419Z,
embedding:hard-kk-03,c2,yes,auto,2026-09-25T21:35:29.419Z,
embedding:hard-kk-03,c3,yes,baseline,2026-09-25T21:35:29.419Z,1
embedding:hard-kk-04,c1,yes,auto,2026-09-25T21:35:29.419Z,
embedding:hard-kk-04,c2,yes,auto,2026-09-25T21:35:29.419Z,
embedding:hard-kk-04,c3,yes,baseline,2026-09-25T21:35:29.419Z,1
embedding:hard-kk-05,c1,yes,auto,2026-09-25T21:35:29.419Z,
embedding:hard-kk-05,c2,yes,auto,2026-09-25T21:35:29.419Z,
embedding:hard-kk-05,c3,yes,baseline,2026-09-25T21:35:29.419Z,1
embedding:hard-kk-06,c1,yes,auto,2026-09-25T21:35:29.419Z,
embedding:hard-kk-06,c2,yes,auto,2026-09-25T21:35:29.419Z,
embedding:hard-kk-06,c3,yes,baseline,2026-09-25T21:35:29.419Z,1
embedding:hard-kk-07,c1,yes,auto,2026-09-25T21:35:29.419Z,
embedding:hard-kk-07,c2,yes,auto,2026-09-25T21:35:29.419Z,
embedding:hard-kk-07,c3,yes,baseline,2026-09-25T21:35:29.419Z,1
embedding:hard-kk-08,c1,yes,auto,2026-09-25T21:35:29.419Z,
embedding:hard-kk-08,c2,yes,auto,2026-09-25T21:35:29.419Z,
embedding:hard-kk-08,c3,yes,baseline,2026-09-25T21:35:29.419Z,1
embedding:hard-kk-09,c1,yes,auto,2026-09-25T21:35:29.419Z,
embedding:hard-kk-09,c2,yes,auto,2026-09-25T21:35:29.419Z,
embedding:hard-kk-09,c3,yes,baseline,2026-09-25T21:35:29.419Z,1
embedding:hard-kk-10,c1,yes,auto,2026-09-25T21:35:29.419Z,
embedding:hard-kk-10,c2,yes,auto,2026-09-25T21:35:29.419Z,
embedding:hard-kk-10,c3,yes,baseline,2026-09-25T21:35:29.419Z,1
embedding:hard-kk-11,c1,yes,auto,2026-09-25T21:35:29.419Z,
embedding:hard-kk-11,c2,yes,auto,2026-09-25T21:35:29.419Z,
embedding:hard-kk-11,c3,yes,baseline,2026-09-25T21:35:29.419Z,1
embedding:hard-kk-12,c1,yes,auto,2026-09-25T21:35:29.419Z,
embedding:hard-kk-12,c2,yes,auto,2026-09-25T21:35:29.419Z,
embedding:hard-kk-12,c3,yes,baseline,2026-09-25T21:35:29.419Z,1
hybrid:en01-f1,c1,yes,auto,2026-09-25T21:35:29.419Z,
hybrid:en01-f1,c2,yes,auto,2026-09-25T21:35:29.419Z,
hybrid:en01-f1,c3,yes,baseline,2026-09-25T21:35:29.419Z,1
hybrid:en01-f2,c1,yes,auto,2026-09-25T21:35:29.419Z,
hybrid:en01-f2,c2,yes,auto,2026-09-25T21:35:29.419Z,
hybrid:en01-f2,c3,yes,baseline,2026-09-25T21:35:29.419Z,1
hybrid:en01-f3,c1,yes,auto,2026-09-25T21:35:29.419Z,
hybrid:en01-f3,c2,yes,auto,2026-09-25T21:35:29.419Z,
hybrid:en01-f3,c3,yes,baseline,2026-09-25T21:35:29.419Z,1
hybrid:en02-f1,c1,yes,auto,2026-09-25T21:35:29.419Z,
hybrid:en02-f1,c2,yes,auto,2026-09-25T21:35:29.419Z,
hybrid:en02-f1,c3,yes,baseline,2026-09-25T21:35:29.419Z,1
hybrid:en02-f2,c1,yes,auto,2026-09-25T21:35:29.419Z,
hybrid:en02-f2,c2,yes,auto,2026-09-25T21:35:29.419Z,
hybrid:en02-f2,c3,yes,baseline,2026-09-25T21:35:29.419Z,1
hybrid:en02-f3,c1,yes,auto,2026-09-25T21:35:29.419Z,
hybrid:en02-f3,c2,yes,auto,2026-09-25T21:35:29.419Z,
hybrid:en02-f3,c3,yes,baseline,2026-09-25T21:35:29.419Z,1
hybrid:en03-f1,c1,yes,auto,2026-09-25T21:35:29.419Z,
hybrid:en03-f1,c2,yes,auto,2026-09-25T21:35:29.419Z,
hybrid:en03-f1,c3,yes,baseline,2026-09-25T21:35:29.419Z,1
hybrid:en03-f2,c1,yes,auto,2026-09-25T21:35:29.419Z,
hybrid:en03-f2,c2,yes,auto,2026-09-25T21:35:29.419Z,
hybrid:en03-f2,c3,yes,baseline,2026-09-25T21:35:29.419Z,1
hybrid:en03-f3,c1,yes,auto,2026-09-25T21:35:29.419Z,
hybrid:en03-f3,c2,yes,auto,2026-09-25T21:35:29.419Z,
hybrid:en03-f3,c3,yes,baseline,2026-09-25T21:35:29.419Z,1
hybrid:en04-f1,c1,yes,auto,2026-09-25T21:35:29.419Z,
hybrid:en04-f1,c2,yes,auto,2026-09-25T21:35:29.419Z,
hybrid:en04-f1,c3,yes,baseline,2026-09-25T21:35:29.419Z,1
hybrid:en04-f2,c1,yes,auto,2026-09-25T21:35:29.419Z,
hybrid:en04-f2,c2,yes,auto,2026-09-25T21:35:29.419Z,
hybrid:en04-f2,c3,yes,baseline,2026-09-25T21:35:29.419Z,1
hybrid:en04-f3,c1,yes,auto,2026-09-25T21:35:29.419Z,
hybrid:en04-f3,c2,yes,auto,2026-09-25T21:35:29.419Z,
hybrid:en04-f3,c3,yes,baseline,2026-09-25T21:35:29.419Z,1
hybrid:en05-f1,c1,yes,auto,2026-09-25T21:35:29.419Z,
hybrid:en05-f1,c2,yes,auto,2026-09-25T21:35:29.419Z,
hybrid:en05-f1,c3,yes,baseline,2026-09-25T21:35:29.419Z,1
hybrid:en05-f2,c1,yes,auto,2026-09-25T21:35:29.419Z,
hybrid:en05-f2,c2,yes,auto,2026-09-25T21:35:29.419Z,
hybrid:en05-f2,c3,yes,baseline,2026-09-25T21:35:29.419Z,1
hybrid:en05-f3,c1,yes,auto,2026-09-25T21:35:29.419Z,
hybrid:en05-f3,c2,yes,auto,2026-09-25T21:35:29.419Z,
hybrid:en05-f3,c3,yes,baseline,2026-09-25T21:35:29.419Z,1
hybrid:en06-f1,c1,yes,auto,2026-09-25T21:35:29.419Z,
hybrid:en06-f1,c2,yes,auto,2026-09-25T21:35:29.419Z,
hybrid:en06-f1,c3,yes,baseline,2026-09-25T21:35:29.419Z,1
hybrid:en06-f2,c1,yes,auto,2026-09-25T21:35:29.419Z,
hybrid:en06-f2,c2,yes,auto,2026-09-25T21:35:29.419Z,
hybrid:en06-f2,c3,yes,baseline,2026-09-25T21:35:29.419Z,1
hybrid:en06-f3,c1,yes,auto,2026-09-25T21:35:29.419Z,
hybrid:en06-f3,c2,yes,auto,2026-09-25T21:35:29.419Z,
hybrid:en06-f3,c3,yes,baseline,2026-09-25T21:35:29.419Z,1
hybrid:en07-f1,c1,yes,auto,2026-09-25T21:35:29.419Z,
hybrid:en07-f1,c2,yes,auto,2026-09-25T21:35:29.419Z,
hybrid:en07-f1,c3,yes,baseline,2026-09-25T21:35:29.419Z,1
hybrid:en07-f2,c1,yes,auto,2026-09-25T21:35:29.419Z,
hybrid:en07-f2,c2,yes,auto,2026-09-25T21:35:29.419Z,
hybrid:en07-f2,c3,yes,baseline,2026-09-25T21:35:29.419Z,1
hybrid:en07-f3,c1,yes,auto,2026-09-25T21:35:29.419Z,
hybrid:en07-f3,c2,yes,auto,2026-09-25T21:35:29.419Z,
hybrid:en07-f3,c3,yes,baseline,2026-09-25T21:35:29.419Z,1
hybrid:en08-f1,c1,yes,auto,2026-09-25T21:35:29.419Z,
hybrid:en08-f1,c2,yes,auto,2026-09-25T21:35:29.419Z,
hybrid:en08-f1,c3,yes,baseline,2026-09-25T21:35:29.419Z,1
hybrid:en08-f2,c1,yes,auto,2026-09-25T21:35:29.419Z,
hybrid:en08-f2,c2,yes,auto,2026-09-25T21:35:29.419Z,
hybrid:en08-f2,c3,yes,baseline,2026-09-25T21:35:29.419Z,1
hybrid:en08-f3,c1,yes,auto,2026-09-25T21:35:29.419Z,
hybrid:en08-f3,c2,yes,auto,2026-09-25T21:35:29.419Z,
hybrid:en08-f3,c3,yes,baseline,2026-09-25T21:35:29.419Z,1
hybrid:ru01-f1,c1,yes,auto,2026-09-25T21:35:29.419Z,
hybrid:ru01-f1,c2,yes,auto,2026-09-25T21:35:29.419Z,
hybrid:ru01-f1,c3,yes,baseline,2026-09-25T21:35:29.419Z,1
hybrid:ru01-f2,c1,yes,auto,2026-09-25T21:35:29.419Z,
hybrid:ru01-f2,c2,yes,auto,2026-09-25T21:35:29.419Z,
hybrid:ru01-f2,c3,yes,baseline,2026-09-25T21:35:29.419Z,1
hybrid:ru01-f3,c1,yes,auto,2026-09-25T21:35:29.419Z,
hybrid:ru01-f3,c2,yes,auto,2026-09-25T21:35:29.419Z,
hybrid:ru01-f3,c3,yes,baseline,2026-09-25T21:35:29.419Z,1
hybrid:ru02-f1,c1,yes,auto,2026-09-25T21:35:29.419Z,
hybrid:ru02-f1,c2,yes,auto,2026-09-25T21:35:29.419Z,
hybrid:ru02-f1,c3,yes,baseline,2026-09-25T21:35:29.419Z,1
hybrid:ru02-f2,c1,yes,auto,2026-09-25T21:35:29.419Z,
hybrid:ru02-f2,c2,yes,auto,2026-09-25T21:35:29.419Z,
hybrid:ru02-f2,c3,yes,baseline,2026-09-25T21:35:29.419Z,1
hybrid:ru02-f3,c1,yes,auto,2026-09-25T21:35:29.419Z,
hybrid:ru02-f3,c2,yes,auto,2026-09-25T21:35:29.419Z,
hybrid:ru02-f3,c3,yes,baseline,2026-09-25T21:35:29.419Z,1
hybrid:ru03-f1,c1,yes,auto,2026-09-25T21:35:29.419Z,
hybrid:ru03-f1,c2,yes,auto,2026-09-25T21:35:29.419Z,
hybrid:ru03-f1,c3,yes,baseline,2026-09-25T21:35:29.419Z,1
hybrid:ru03-f2,c1,yes,auto,2026-09-25T21:35:29.419Z,
hybrid:ru03-f2,c2,yes,auto,2026-09-25T21:35:29.419Z,
hybrid:ru03-f2,c3,yes,baseline,2026-09-25T21:35:29.419Z,1
hybrid:ru03-f3,c1,yes,auto,2026-09-25T21:35:29.419Z,
hybrid:ru03-f3,c2,yes,auto,2026-09-25T21:35:29.419Z,
hybrid:ru03-f3,c3,yes,baseline,2026-09-25T21:35:29.419Z,1
hybrid:ru04-f1,c1,yes,auto,2026-09-25T21:35:29.419Z,
hybrid:ru04-f1,c2,yes,auto,2026-09-25T21:35:29.419Z,
hybrid:ru04-f1,c3,yes,baseline,2026-09-25T21:35:29.419Z,1
hybrid:ru04-f2,c1,yes,auto,2026-09-25T21:35:29.419Z,
hybrid:ru04-f2,c2,yes,auto,2026-09-25T21:35:29.419Z,
hybrid:ru04-f2,c3,yes,baseline,2026-09-25T21:35:29.419Z,1
hybrid:ru04-f3,c1,yes,auto,2026-09-25T21:35:29.419Z,
hybrid:ru04-f3,c2,yes,auto,2026-09-25T21:35:29.419Z,
hybrid:ru04-f3,c3,yes,baseline,2026-09-25T21:35:29.419Z,1
hybrid:ru05-f1,c1,yes,auto,2026-09-25T21:35:29.419Z,
hybrid:ru05-f1,c2,yes,auto,2026-09-25T21:35:29.419Z,
hybrid:ru05-f1,c3,yes,baseline,2026-09-25T21:35:29.419Z,1
hybrid:ru05-f2,c1,yes,auto,2026-09-25T21:35:29.419Z,
hybrid:ru05-f2,c2,yes,auto,2026-09-25T21:35:29.419Z,
hybrid:ru05-f2,c3,yes,baseline,2026-09-25T21:35:29.419Z,1
hybrid:ru05-f3,c1,yes,auto,2026-09-25T21:35:29.419Z,
hybrid:ru05-f3,c2,yes,auto,2026-09-25T21:35:29.419Z,
hybrid:ru05-f3,c3,yes,baseline,2026-09-25T21:35:29.419Z,1
hybrid:ru06-f1,c1,yes,auto,2026-09-25T21:35:29.419Z,
hybrid:ru06-f1,c2,yes,auto,2026-09-25T21:35:29.419Z,
hybrid:ru06-f1,c3,yes,baseline,2026-09-25T21:35:29.419Z,1
hybrid:ru06-f2,c1,yes,auto,2026-09-25T21:35:29.419Z,
hybrid:ru06-f2,c2,yes,auto,2026-09-25T21:35:29.419Z,
hybrid:ru06-f2,c3,yes,baseline,2026-09-25T21:35:29.419Z,1
hybrid:ru06-f3,c1,yes,auto,2026-09-25T21:35:29.419Z,
hybrid:ru06-f3,c2,yes,auto,2026-09-25T21:35:29.419Z,
hybrid:ru06-f3,c3,yes,baseline,2026-09-25T21:35:29.419Z,1
hybrid:ru07-f1,c1,yes,auto,2026-09-25T21:35:29.419Z,
hybrid:ru07-f1,c2,yes,auto,2026-09-25T21:35:29.419Z,
hybrid:ru07-f1,c3,yes,baseline,2026-09-25T21:35:29.419Z,1
hybrid:ru07-f2,c1,yes,auto,2026-09-25T21:35:29.419Z,
hybrid:ru07-f2,c2,yes,auto,2026-09-25T21:35:29.419Z,
hybrid:ru07-f2,c3,yes,baseline,2026-09-25T21:35:29.419Z,1
hybrid:ru07-f3,c1,yes,auto,2026-09-25T21:35:29.419Z,
hybrid:ru07-f3,c2,yes,auto,2026-09-25T21:35:29.419Z,
hybrid:ru07-f3,c3,yes,baseline,2026-09-25T21:35:29.419Z,1
hybrid:ru08-f1,c1,yes,auto,2026-09-25T21:35:29.419Z,
hybrid:ru08-f1,c2,yes,auto,2026-09-25T21:35:29.419Z,
hybrid:ru08-f1,c3,yes,baseline,2026-09-25T21:35:29.419Z,1
hybrid:ru08-f2,c1,yes,auto,2026-09-25T21:35:29.419Z,
hybrid:ru08-f2,c2,yes,auto,2026-09-25T21:35:29.419Z,
hybrid:ru08-f2,c3,yes,baseline,2026-09-25T21:35:29.419Z,1
hybrid:ru08-f3,c1,yes,auto,2026-09-25T21:35:29.419Z,
hybrid:ru08-f3,c2,yes,auto,2026-09-25T21:35:29.419Z,
hybrid:ru08-f3,c3,yes,baseline,2026-09-25T21:35:29.419Z,1
hybrid:kk01-f1,c1,yes,auto,2026-09-25T21:35:29.419Z,
hybrid:kk01-f1,c2,yes,auto,2026-09-25T21:35:29.419Z,
hybrid:kk01-f1,c3,yes,baseline,2026-09-25T21:35:29.419Z,1
hybrid:kk01-f2,c1,yes,auto,2026-09-25T21:35:29.419Z,
hybrid:kk01-f2,c2,yes,auto,2026-09-25T21:35:29.419Z,
hybrid:kk01-f2,c3,yes,baseline,2026-09-25T21:35:29.419Z,1
hybrid:kk01-f3,c1,yes,auto,2026-09-25T21:35:29.419Z,
hybrid:kk01-f3,c2,yes,auto,2026-09-25T21:35:29.419Z,
hybrid:kk01-f3,c3,yes,baseline,2026-09-25T21:35:29.419Z,1
hybrid:kk02-f1,c1,yes,auto,2026-09-25T21:35:29.419Z,
hybrid:kk02-f1,c2,yes,auto,2026-09-25T21:35:29.419Z,
hybrid:kk02-f1,c3,yes,baseline,2026-09-25T21:35:29.419Z,1
hybrid:kk02-f2,c1,yes,auto,2026-09-25T21:35:29.419Z,
hybrid:kk02-f2,c2,yes,auto,2026-09-25T21:35:29.419Z,
hybrid:kk02-f2,c3,yes,baseline,2026-09-25T21:35:29.419Z,1
hybrid:kk02-f3,c1,yes,auto,2026-09-25T21:35:29.419Z,
hybrid:kk02-f3,c2,yes,auto,2026-09-25T21:35:29.419Z,
hybrid:kk02-f3,c3,yes,baseline,2026-09-25T21:35:29.419Z,1
hybrid:kk03-f1,c1,yes,auto,2026-09-25T21:35:29.419Z,
hybrid:kk03-f1,c2,yes,auto,2026-09-25T21:35:29.419Z,
hybrid:kk03-f1,c3,yes,baseline,2026-09-25T21:35:29.419Z,1
hybrid:kk03-f2,c1,yes,auto,2026-09-25T21:35:29.419Z,
hybrid:kk03-f2,c2,yes,auto,2026-09-25T21:35:29.419Z,
hybrid:kk03-f2,c3,yes,baseline,2026-09-25T21:35:29.419Z,1
hybrid:kk03-f3,c1,yes,auto,2026-09-25T21:35:29.419Z,
hybrid:kk03-f3,c2,yes,auto,2026-09-25T21:35:29.419Z,
hybrid:kk03-f3,c3,yes,baseline,2026-09-25T21:35:29.419Z,1
hybrid:kk04-f1,c1,yes,auto,2026-09-25T21:35:29.419Z,
hybrid:kk04-f1,c2,yes,auto,2026-09-25T21:35:29.419Z,
hybrid:kk04-f1,c3,yes,baseline,2026-09-25T21:35:29.419Z,1
hybrid:kk04-f2,c1,yes,auto,2026-09-25T21:35:29.419Z,
hybrid:kk04-f2,c2,yes,auto,2026-09-25T21:35:29.419Z,
hybrid:kk04-f2,c3,yes,baseline,2026-09-25T21:35:29.419Z,1
hybrid:kk04-f3,c1,yes,auto,2026-09-25T21:35:29.419Z,
hybrid:kk04-f3,c2,yes,auto,2026-09-25T21:35:29.419Z,
hybrid:kk04-f3,c3,yes,baseline,2026-09-25T21:35:29.419Z,1
hybrid:kk05-f1,c1,yes,auto,2026-09-25T21:35:29.419Z,
hybrid:kk05-f1,c2,yes,auto,2026-09-25T21:35:29.419Z,
hybrid:kk05-f1,c3,yes,baseline,2026-09-25T21:35:29.419Z,1
hybrid:kk05-f2,c1,yes,auto,2026-09-25T21:35:29.419Z,
hybrid:kk05-f2,c2,yes,auto,2026-09-25T21:35:29.419Z,
hybrid:kk05-f2,c3,yes,baseline,2026-09-25T21:35:29.419Z,1
hybrid:kk05-f3,c1,yes,auto,2026-09-25T21:35:29.419Z,
hybrid:kk05-f3,c2,yes,auto,2026-09-25T21:35:29.419Z,
hybrid:kk05-f3,c3,yes,baseline,2026-09-25T21:35:29.419Z,1
hybrid:kk06-f1,c1,yes,auto,2026-09-25T21:35:29.419Z,
hybrid:kk06-f1,c2,yes,auto,2026-09-25T21:35:29.419Z,
hybrid:kk06-f1,c3,yes,baseline,2026-09-25T21:35:29.419Z,1
hybrid:kk06-f2,c1,yes,auto,2026-09-25T21:35:29.419Z,
hybrid:kk06-f2,c2,yes,auto,2026-09-25T21:35:29.419Z,
hybrid:kk06-f2,c3,yes,baseline,2026-09-25T21:35:29.419Z,1
hybrid:kk06-f3,c1,yes,auto,2026-09-25T21:35:29.419Z,
hybrid:kk06-f3,c2,yes,auto,2026-09-25T21:35:29.419Z,
hybrid:kk06-f3,c3,yes,baseline,2026-09-25T21:35:29.419Z,1
hybrid:kk07-f1,c1,yes,auto,2026-09-25T21:35:29.419Z,
hybrid:kk07-f1,c2,yes,auto,2026-09-25T21:35:29.419Z,
hybrid:kk07-f1,c3,yes,baseline,2026-09-25T21:35:29.419Z,1
hybrid:kk07-f2,c1,yes,auto,2026-09-25T21:35:29.419Z,
hybrid:kk07-f2,c2,yes,auto,2026-09-25T21:35:29.419Z,
hybrid:kk07-f2,c3,yes,baseline,2026-09-25T21:35:29.419Z,1
hybrid:kk07-f3,c1,yes,auto,2026-09-25T21:35:29.419Z,
hybrid:kk07-f3,c2,yes,auto,2026-09-25T21:35:29.419Z,
hybrid:kk07-f3,c3,yes,baseline,2026-09-25T21:35:29.419Z,1
hybrid:kk08-f1,c1,yes,auto,2026-09-25T21:35:29.419Z,
hybrid:kk08-f1,c2,yes,auto,2026-09-25T21:35:29.419Z,
hybrid:kk08-f1,c3,yes,baseline,2026-09-25T21:35:29.419Z,1
hybrid:kk08-f2,c1,yes,auto,2026-09-25T21:35:29.419Z,
hybrid:kk08-f2,c2,yes,auto,2026-09-25T21:35:29.419Z,
hybrid:kk08-f2,c3,yes,baseline,2026-09-25T21:35:29.419Z,1
hybrid:kk08-f3,c1,yes,auto,2026-09-25T21:35:29.419Z,
hybrid:kk08-f3,c2,yes,auto,2026-09-25T21:35:29.419Z,
hybrid:kk08-f3,c3,yes,baseline,2026-09-25T21:35:29.419Z,1
hybrid:un-en-01,c1,review,auto,2026-09-25T21:35:29.419Z,
hybrid:un-en-01,c2,yes,auto,2026-09-25T21:35:29.419Z,
hybrid:un-en-01,c3,yes,baseline,2026-09-25T21:35:29.419Z,1
hybrid:un-en-02,c1,review,auto,2026-09-25T21:35:29.419Z,
hybrid:un-en-02,c2,yes,auto,2026-09-25T21:35:29.419Z,
hybrid:un-en-02,c3,yes,baseline,2026-09-25T21:35:29.419Z,1
hybrid:un-ru-01,c1,review,auto,2026-09-25T21:35:29.419Z,
hybrid:un-ru-01,c2,yes,auto,2026-09-25T21:35:29.419Z,
hybrid:un-ru-01,c3,yes,baseline,2026-09-25T21:35:29.419Z,1
hybrid:un-ru-02,c1,review,auto,2026-09-25T21:35:29.419Z,
hybrid:un-ru-02,c2,yes,auto,2026-09-25T21:35:29.419Z,
hybrid:un-ru-02,c3,yes,baseline,2026-09-25T21:35:29.419Z,1
hybrid:un-kk-01,c1,review,auto,2026-09-25T21:35:29.419Z,
hybrid:un-kk-01,c2,no,auto,2026-09-25T21:35:29.419Z,
hybrid:un-kk-01,c3,no,baseline,2026-09-25T21:35:29.419Z,0
hybrid:un-kk-02,c1,review,auto,2026-09-25T21:35:29.419Z,
hybrid:un-kk-02,c2,no,auto,2026-09-25T21:35:29.419Z,
hybrid:un-kk-02,c3,no,baseline,2026-09-25T21:35:29.419Z,0
hybrid:hard-en-01,c1,yes,auto,2026-09-25T21:35:29.419Z,
hybrid:hard-en-01,c2,yes,auto,2026-09-25T21:35:29.419Z,
hybrid:hard-en-01,c3,yes,baseline,2026-09-25T21:35:29.419Z,1
hybrid:hard-en-02,c1,yes,auto,2026-09-25T21:35:29.419Z,
hybrid:hard-en-02,c2,yes,auto,2026-09-25T21:35:29.419Z,
hybrid:hard-en-02,c3,yes,baseline,2026-09-25T21:35:29.419Z,1
hybrid:hard-en-03,c1,yes,auto,2026-09-25T21:35:29.419Z,
hybrid:hard-en-03,c2,yes,auto,2026-09-25T21:35:29.419Z,
hybrid:hard-en-03,c3,yes,baseline,2026-09-25T21:35:29.419Z,1
hybrid:hard-en-04,c1,yes,auto,2026-09-25T21:35:29.419Z,
hybrid:hard-en-04,c2,yes,auto,2026-09-25T21:35:29.419Z,
hybrid:hard-en-04,c3,yes,baseline,2026-09-25T21:35:29.419Z,1
hybrid:hard-en-05,c1,yes,auto,2026-09-25T21:35:29.419Z,
hybrid:hard-en-05,c2,yes,auto,2026-09-25T21:35:29.419Z,
hybrid:hard-en-05,c3,yes,baseline,2026-09-25T21:35:29.419Z,1
hybrid:hard-en-06,c1,yes,auto,2026-09-25T21:35:29.419Z,
hybrid:hard-en-06,c2,yes,auto,2026-09-25T21:35:29.419Z,
hybrid:hard-en-06,c3,yes,baseline,2026-09-25T21:35:29.419Z,1
hybrid:hard-en-07,c1,yes,auto,2026-09-25T21:35:29.419Z,
hybrid:hard-en-07,c2,yes,auto,2026-09-25T21:35:29.419Z,
hybrid:hard-en-07,c3,yes,baseline,2026-09-25T21:35:29.419Z,1
hybrid:hard-en-08,c1,yes,auto,2026-09-25T21:35:29.419Z,
hybrid:hard-en-08,c2,yes,auto,2026-09-25T21:35:29.419Z,
hybrid:hard-en-08,c3,yes,baseline,2026-09-25T21:35:29.419Z,1
hybrid:hard-en-09,c1,yes,auto,2026-09-25T21:35:29.419Z,
hybrid:hard-en-09,c2,yes,auto,2026-09-25T21:35:29.419Z,
hybrid:hard-en-09,c3,yes,baseline,2026-09-25T21:35:29.419Z,1
hybrid:hard-en-10,c1,yes,auto,2026-09-25T21:35:29.419Z,
hybrid:hard-en-10,c2,yes,auto,2026-09-25T21:35:29.419Z,
hybrid:hard-en-10,c3,yes,baseline,2026-09-25T21:35:29.419Z,1
hybrid:hard-en-11,c1,yes,auto,2026-09-25T21:35:29.419Z,
hybrid:hard-en-11,c2,yes,auto,2026-09-25T21:35:29.419Z,
hybrid:hard-en-11,c3,yes,baseline,2026-09-25T21:35:29.419Z,1
hybrid:hard-en-12,c1,yes,auto,2026-09-25T21:35:29.419Z,
hybrid:hard-en-12,c2,yes,auto,2026-09-25T21:35:29.419Z,
hybrid:hard-en-12,c3,yes,baseline,2026-09-25T21:35:29.419Z,1
hybrid:hard-ru-01,c1,yes,auto,2026-09-25T21:35:29.419Z,
hybrid:hard-ru-01,c2,yes,auto,2026-09-25T21:35:29.419Z,
hybrid:hard-ru-01,c3,yes,baseline,2026-09-25T21:35:29.419Z,1
hybrid:hard-ru-02,c1,yes,auto,2026-09-25T21:35:29.419Z,
hybrid:hard-ru-02,c2,yes,auto,2026-09-25T21:35:29.419Z,
hybrid:hard-ru-02,c3,yes,baseline,2026-09-25T21:35:29.419Z,1
hybrid:hard-ru-03,c1,yes,auto,2026-09-25T21:35:29.419Z,
hybrid:hard-ru-03,c2,yes,auto,2026-09-25T21:35:29.419Z,
hybrid:hard-ru-03,c3,yes,baseline,2026-09-25T21:35:29.419Z,1
hybrid:hard-ru-04,c1,yes,auto,2026-09-25T21:35:29.419Z,
hybrid:hard-ru-04,c2,yes,auto,2026-09-25T21:35:29.419Z,
hybrid:hard-ru-04,c3,yes,baseline,2026-09-25T21:35:29.419Z,1
hybrid:hard-ru-05,c1,yes,auto,2026-09-25T21:35:29.419Z,
hybrid:hard-ru-05,c2,yes,auto,2026-09-25T21:35:29.419Z,
hybrid:hard-ru-05,c3,yes,baseline,2026-09-25T21:35:29.419Z,1
hybrid:hard-ru-06,c1,yes,auto,2026-09-25T21:35:29.419Z,
hybrid:hard-ru-06,c2,yes,auto,2026-09-25T21:35:29.419Z,
hybrid:hard-ru-06,c3,yes,baseline,2026-09-25T21:35:29.419Z,1
hybrid:hard-ru-07,c1,yes,auto,2026-09-25T21:35:29.419Z,
hybrid:hard-ru-07,c2,yes,auto,2026-09-25T21:35:29.419Z,
hybrid:hard-ru-07,c3,yes,baseline,2026-09-25T21:35:29.419Z,1
hybrid:hard-ru-08,c1,yes,auto,2026-09-25T21:35:29.419Z,
hybrid:hard-ru-08,c2,yes,auto,2026-09-25T21:35:29.419Z,
hybrid:hard-ru-08,c3,yes,baseline,2026-09-25T21:35:29.419Z,1
hybrid:hard-ru-09,c1,yes,auto,2026-09-25T21:35:29.419Z,
hybrid:hard-ru-09,c2,yes,auto,2026-09-25T21:35:29.419Z,
hybrid:hard-ru-09,c3,yes,baseline,2026-09-25T21:35:29.419Z,1
hybrid:hard-ru-10,c1,yes,auto,2026-09-25T21:35:29.419Z,
hybrid:hard-ru-10,c2,yes,auto,2026-09-25T21:35:29.419Z,
hybrid:hard-ru-10,c3,yes,baseline,2026-09-25T21:35:29.419Z,1
hybrid:hard-ru-11,c1,yes,auto,2026-09-25T21:35:29.419Z,
hybrid:hard-ru-11,c2,yes,auto,2026-09-25T21:35:29.419Z,
hybrid:hard-ru-11,c3,yes,baseline,2026-09-25T21:35:29.419Z,1
hybrid:hard-ru-12,c1,yes,auto,2026-09-25T21:35:29.419Z,
hybrid:hard-ru-12,c2,yes,auto,2026-09-25T21:35:29.419Z,
hybrid:hard-ru-12,c3,yes,baseline,2026-09-25T21:35:29.419Z,1
hybrid:hard-kk-01,c1,yes,auto,2026-09-25T21:35:29.419Z,
hybrid:hard-kk-01,c2,yes,auto,2026-09-25T21:35:29.419Z,
hybrid:hard-kk-01,c3,yes,baseline,2026-09-25T21:35:29.419Z,1
hybrid:hard-kk-02,c1,yes,auto,2026-09-25T21:35:29.419Z,
hybrid:hard-kk-02,c2,yes,auto,2026-09-25T21:35:29.419Z,
hybrid:hard-kk-02,c3,yes,baseline,2026-09-25T21:35:29.419Z,1
hybrid:hard-kk-03,c1,yes,auto,2026-09-25T21:35:29.419Z,
hybrid:hard-kk-03,c2,yes,auto,2026-09-25T21:35:29.419Z,
hybrid:hard-kk-03,c3,yes,baseline,2026-09-25T21:35:29.419Z,1
hybrid:hard-kk-04,c1,yes,auto,2026-09-25T21:35:29.419Z,
hybrid:hard-kk-04,c2,yes,auto,2026-09-25T21:35:29.419Z,
hybrid:hard-kk-04,c3,yes,baseline,2026-09-25T21:35:29.419Z,1
hybrid:hard-kk-05,c1,yes,auto,2026-09-25T21:35:29.419Z,
hybrid:hard-kk-05,c2,yes,auto,2026-09-25T21:35:29.419Z,
hybrid:hard-kk-05,c3,yes,baseline,2026-09-25T21:35:29.419Z,1
hybrid:hard-kk-06,c1,yes,auto,2026-09-25T21:35:29.419Z,
hybrid:hard-kk-06,c2,yes,auto,2026-09-25T21:35:29.419Z,
hybrid:hard-kk-06,c3,yes,baseline,2026-09-25T21:35:29.419Z,1
hybrid:hard-kk-07,c1,yes,auto,2026-09-25T21:35:29.419Z,
hybrid:hard-kk-07,c2,yes,auto,2026-09-25T21:35:29.419Z,
hybrid:hard-kk-07,c3,yes,baseline,2026-09-25T21:35:29.419Z,1
hybrid:hard-kk-08,c1,yes,auto,2026-09-25T21:35:29.419Z,
hybrid:hard-kk-08,c2,yes,auto,2026-09-25T21:35:29.419Z,
hybrid:hard-kk-08,c3,yes,baseline,2026-09-25T21:35:29.419Z,1
hybrid:hard-kk-09,c1,yes,auto,2026-09-25T21:35:29.419Z,
hybrid:hard-kk-09,c2,yes,auto,2026-09-25T21:35:29.419Z,
hybrid:hard-kk-09,c3,yes,baseline,2026-09-25T21:35:29.419Z,1
hybrid:hard-kk-10,c1,yes,auto,2026-09-25T21:35:29.419Z,
hybrid:hard-kk-10,c2,yes,auto,2026-09-25T21:35:29.419Z,
hybrid:hard-kk-10,c3,yes,baseline,2026-09-25T21:35:29.419Z,1
hybrid:hard-kk-11,c1,yes,auto,2026-09-25T21:35:29.419Z,
hybrid:hard-kk-11,c2,yes,auto,2026-09-25T21:35:29.419Z,
hybrid:hard-kk-11,c3,yes,baseline,2026-09-25T21:35:29.419Z,1
hybrid:hard-kk-12,c1,yes,auto,2026-09-25T21:35:29.419Z,
hybrid:hard-kk-12,c2,yes,auto,2026-09-25T21:35:29.419Z,
hybrid:hard-kk-12,c3,yes,baseline,2026-09-25T21:35:29.419Z,1
hybrid-norerank:en01-f1,c1,yes,auto,2026-09-25T21:35:29.419Z,
hybrid-norerank:en01-f1,c2,yes,auto,2026-09-25T21:35:29.419Z,
hybrid-norerank:en01-f1,c3,yes,baseline,2026-09-25T21:35:29.419Z,1
hybrid-norerank:en01-f2,c1,yes,auto,2026-09-25T21:35:29.419Z,
hybrid-norerank:en01-f2,c2,yes,auto,2026-09-25T21:35:29.419Z,
hybrid-norerank:en01-f2,c3,yes,baseline,2026-09-25T21:35:29.419Z,1
hybrid-norerank:en01-f3,c1,yes,auto,2026-09-25T21:35:29.419Z,
hybrid-norerank:en01-f3,c2,yes,auto,2026-09-25T21:35:29.419Z,
hybrid-norerank:en01-f3,c3,yes,baseline,2026-09-25T21:35:29.419Z,1
hybrid-norerank:en02-f1,c1,no,auto,2026-09-25T21:35:29.419Z,
hybrid-norerank:en02-f1,c2,no,auto,2026-09-25T21:35:29.419Z,
hybrid-norerank:en02-f1,c3,yes,baseline,2026-09-25T21:35:29.419Z,1
hybrid-norerank:en02-f2,c1,yes,auto,2026-09-25T21:35:29.419Z,
hybrid-norerank:en02-f2,c2,yes,auto,2026-09-25T21:35:29.419Z,
hybrid-norerank:en02-f2,c3,yes,baseline,2026-09-25T21:35:29.419Z,1
hybrid-norerank:en02-f3,c1,yes,auto,2026-09-25T21:35:29.419Z,
hybrid-norerank:en02-f3,c2,yes,auto,2026-09-25T21:35:29.419Z,
hybrid-norerank:en02-f3,c3,yes,baseline,2026-09-25T21:35:29.419Z,1
hybrid-norerank:en03-f1,c1,yes,auto,2026-09-25T21:35:29.419Z,
hybrid-norerank:en03-f1,c2,yes,auto,2026-09-25T21:35:29.419Z,
hybrid-norerank:en03-f1,c3,yes,baseline,2026-09-25T21:35:29.419Z,1
hybrid-norerank:en03-f2,c1,yes,auto,2026-09-25T21:35:29.419Z,
hybrid-norerank:en03-f2,c2,yes,auto,2026-09-25T21:35:29.419Z,
hybrid-norerank:en03-f2,c3,yes,baseline,2026-09-25T21:35:29.419Z,1
hybrid-norerank:en03-f3,c1,yes,auto,2026-09-25T21:35:29.419Z,
hybrid-norerank:en03-f3,c2,yes,auto,2026-09-25T21:35:29.419Z,
hybrid-norerank:en03-f3,c3,yes,baseline,2026-09-25T21:35:29.419Z,1
hybrid-norerank:en04-f1,c1,yes,auto,2026-09-25T21:35:29.419Z,
hybrid-norerank:en04-f1,c2,yes,auto,2026-09-25T21:35:29.419Z,
hybrid-norerank:en04-f1,c3,yes,baseline,2026-09-25T21:35:29.419Z,1
hybrid-norerank:en04-f2,c1,no,auto,2026-09-25T21:35:29.420Z,
hybrid-norerank:en04-f2,c2,no,auto,2026-09-25T21:35:29.420Z,
hybrid-norerank:en04-f2,c3,yes,baseline,2026-09-25T21:35:29.420Z,1
hybrid-norerank:en04-f3,c1,yes,auto,2026-09-25T21:35:29.420Z,
hybrid-norerank:en04-f3,c2,yes,auto,2026-09-25T21:35:29.420Z,
hybrid-norerank:en04-f3,c3,yes,baseline,2026-09-25T21:35:29.420Z,1
hybrid-norerank:en05-f1,c1,yes,auto,2026-09-25T21:35:29.420Z,
hybrid-norerank:en05-f1,c2,yes,auto,2026-09-25T21:35:29.420Z,
hybrid-norerank:en05-f1,c3,yes,baseline,2026-09-25T21:35:29.420Z,1
hybrid-norerank:en05-f2,c1,no,auto,2026-09-25T21:35:29.420Z,
hybrid-norerank:en05-f2,c2,yes,auto,2026-09-25T21:35:29.420Z,
hybrid-norerank:en05-f2,c3,yes,baseline,2026-09-25T21:35:29.420Z,1
hybrid-norerank:en05-f3,c1,yes,auto,2026-09-25T21:35:29.420Z,
hybrid-norerank:en05-f3,c2,yes,auto,2026-09-25T21:35:29.420Z,
hybrid-norerank:en05-f3,c3,yes,baseline,2026-09-25T21:35:29.420Z,1
hybrid-norerank:en06-f1,c1,no,auto,2026-09-25T21:35:29.420Z,
hybrid-norerank:en06-f1,c2,no,auto,2026-09-25T21:35:29.420Z,
hybrid-norerank:en06-f1,c3,yes,baseline,2026-09-25T21:35:29.420Z,1
hybrid-norerank:en06-f2,c1,yes,auto,2026-09-25T21:35:29.420Z,
hybrid-norerank:en06-f2,c2,yes,auto,2026-09-25T21:35:29.420Z,
hybrid-norerank:en06-f2,c3,yes,baseline,2026-09-25T21:35:29.420Z,1
hybrid-norerank:en06-f3,c1,yes,auto,2026-09-25T21:35:29.420Z,
hybrid-norerank:en06-f3,c2,yes,auto,2026-09-25T21:35:29.420Z,
hybrid-norerank:en06-f3,c3,yes,baseline,2026-09-25T21:35:29.420Z,1
hybrid-norerank:en07-f1,c1,yes,auto,2026-09-25T21:35:29.420Z,
hybrid-norerank:en07-f1,c2,yes,auto,2026-09-25T21:35:29.420Z,
hybrid-norerank:en07-f1,c3,yes,baseline,2026-09-25T21:35:29.420Z,1
hybrid-norerank:en07-f2,c1,yes,auto,2026-09-25T21:35:29.420Z,
hybrid-norerank:en07-f2,c2,yes,auto,2026-09-25T21:35:29.420Z,
hybrid-norerank:en07-f2,c3,yes,baseline,2026-09-25T21:35:29.420Z,1
hybrid-norerank:en07-f3,c1,yes,auto,2026-09-25T21:35:29.420Z,
hybrid-norerank:en07-f3,c2,yes,auto,2026-09-25T21:35:29.420Z,
hybrid-norerank:en07-f3,c3,yes,baseline,2026-09-25T21:35:29.420Z,1
hybrid-norerank:en08-f1,c1,yes,auto,2026-09-25T21:35:29.420Z,
hybrid-norerank:en08-f1,c2,yes,auto,2026-09-25T21:35:29.420Z,
hybrid-norerank:en08-f1,c3,yes,baseline,2026-09-25T21:35:29.420Z,1
hybrid-norerank:en08-f2,c1,yes,auto,2026-09-25T21:35:29.420Z,
hybrid-norerank:en08-f2,c2,yes,auto,2026-09-25T21:35:29.420Z,
hybrid-norerank:en08-f2,c3,yes,baseline,2026-09-25T21:35:29.420Z,1
hybrid-norerank:en08-f3,c1,yes,auto,2026-09-25T21:35:29.420Z,
hybrid-norerank:en08-f3,c2,yes,auto,2026-09-25T21:35:29.420Z,
hybrid-norerank:en08-f3,c3,yes,baseline,2026-09-25T21:35:29.420Z,1
hybrid-norerank:ru01-f1,c1,yes,auto,2026-09-25T21:35:29.420Z,
hybrid-norerank:ru01-f1,c2,yes,auto,2026-09-25T21:35:29.420Z,
hybrid-norerank:ru01-f1,c3,yes,baseline,2026-09-25T21:35:29.420Z,1
hybrid-norerank:ru01-f2,c1,yes,auto,2026-09-25T21:35:29.420Z,
hybrid-norerank:ru01-f2,c2,yes,auto,2026-09-25T21:35:29.420Z,
hybrid-norerank:ru01-f2,c3,yes,baseline,2026-09-25T21:35:29.420Z,1
hybrid-norerank:ru01-f3,c1,yes,auto,2026-09-25T21:35:29.420Z,
hybrid-norerank:ru01-f3,c2,yes,auto,2026-09-25T21:35:29.420Z,
hybrid-norerank:ru01-f3,c3,yes,baseline,2026-09-25T21:35:29.420Z,1
hybrid-norerank:ru02-f1,c1,no,auto,2026-09-25T21:35:29.420Z,
hybrid-norerank:ru02-f1,c2,no,auto,2026-09-25T21:35:29.420Z,
hybrid-norerank:ru02-f1,c3,yes,baseline,2026-09-25T21:35:29.420Z,1
hybrid-norerank:ru02-f2,c1,yes,auto,2026-09-25T21:35:29.420Z,
hybrid-norerank:ru02-f2,c2,yes,auto,2026-09-25T21:35:29.420Z,
hybrid-norerank:ru02-f2,c3,yes,baseline,2026-09-25T21:35:29.420Z,1
hybrid-norerank:ru02-f3,c1,yes,auto,2026-09-25T21:35:29.420Z,
hybrid-norerank:ru02-f3,c2,yes,auto,2026-09-25T21:35:29.420Z,
hybrid-norerank:ru02-f3,c3,yes,baseline,2026-09-25T21:35:29.420Z,1
hybrid-norerank:ru03-f1,c1,yes,auto,2026-09-25T21:35:29.420Z,
hybrid-norerank:ru03-f1,c2,yes,auto,2026-09-25T21:35:29.420Z,
hybrid-norerank:ru03-f1,c3,yes,baseline,2026-09-25T21:35:29.420Z,1
hybrid-norerank:ru03-f2,c1,yes,auto,2026-09-25T21:35:29.420Z,
hybrid-norerank:ru03-f2,c2,yes,auto,2026-09-25T21:35:29.420Z,
hybrid-norerank:ru03-f2,c3,yes,baseline,2026-09-25T21:35:29.420Z,1
hybrid-norerank:ru03-f3,c1,yes,auto,2026-09-25T21:35:29.420Z,
hybrid-norerank:ru03-f3,c2,yes,auto,2026-09-25T21:35:29.420Z,
hybrid-norerank:ru03-f3,c3,yes,baseline,2026-09-25T21:35:29.420Z,1
hybrid-norerank:ru04-f1,c1,yes,auto,2026-09-25T21:35:29.420Z,
hybrid-norerank:ru04-f1,c2,yes,auto,2026-09-25T21:35:29.420Z,
hybrid-norerank:ru04-f1,c3,yes,baseline,2026-09-25T21:35:29.420Z,1
hybrid-norerank:ru04-f2,c1,no,auto,2026-09-25T21:35:29.420Z,
hybrid-norerank:ru04-f2,c2,no,auto,2026-09-25T21:35:29.420Z,
hybrid-norerank:ru04-f2,c3,yes,baseline,2026-09-25T21:35:29.420Z,1
hybrid-norerank:ru04-f3,c1,yes,auto,2026-09-25T21:35:29.420Z,
hybrid-norerank:ru04-f3,c2,yes,auto,2026-09-25T21:35:29.420Z,
hybrid-norerank:ru04-f3,c3,yes,baseline,2026-09-25T21:35:29.420Z,1
hybrid-norerank:ru05-f1,c1,yes,auto,2026-09-25T21:35:29.420Z,
hybrid-norerank:ru05-f1,c2,yes,auto,2026-09-25T21:35:29.420Z,
hybrid-norerank:ru05-f1,c3,yes,baseline,2026-09-25T21:35:29.420Z,1
hybrid-norerank:ru05-f2,c1,yes,auto,2026-09-25T21:35:29.420Z,
hybrid-norerank:ru05-f2,c2,yes,auto,2026-09-25T21:35:29.420Z,
hybrid-norerank:ru05-f2,c3,yes,baseline,2026-09-25T21:35:29.420Z,1
hybrid-norerank:ru05-f3,c1,yes,auto,2026-09-25T21:35:29.420Z,
hybrid-norerank:ru05-f3,c2,yes,auto,2026-09-25T21:35:29.420Z,
hybrid-norerank:ru05-f3,c3,yes,baseline,2026-09-25T21:35:29.420Z,1
hybrid-norerank:ru06-f1,c1,no,auto,2026-09-25T21:35:29.420Z,
hybrid-norerank:ru06-f1,c2,no,auto,2026-09-25T21:35:29.420Z,
hybrid-norerank:ru06-f1,c3,yes,baseline,2026-09-25T21:35:29.420Z,1
hybrid-norerank:ru06-f2,c1,yes,auto,2026-09-25T21:35:29.420Z,
hybrid-norerank:ru06-f2,c2,yes,auto,2026-09-25T21:35:29.420Z,
hybrid-norerank:ru06-f2,c3,yes,baseline,2026-09-25T21:35:29.420Z,1
hybrid-norerank:ru06-f3,c1,yes,auto,2026-09-25T21:35:29.420Z,
hybrid-norerank:ru06-f3,c2,yes,auto,2026-09-25T21:35:29.420Z,
hybrid-norerank:ru06-f3,c3,yes,baseline,2026-09-25T21:35:29.420Z,1
hybrid-norerank:ru07-f1,c1,yes,auto,2026-09-25T21:35:29.420Z,
hybrid-norerank:ru07-f1,c2,yes,auto,2026-09-25T21:35:29.420Z,
hybrid-norerank:ru07-f1,c3,yes,baseline,2026-09-25T21:35:29.420Z,1
hybrid-norerank:ru07-f2,c1,yes,auto,2026-09-25T21:35:29.420Z,
hybrid-norerank:ru07-f2,c2,yes,auto,2026-09-25T21:35:29.420Z,
hybrid-norerank:ru07-f2,c3,yes,baseline,2026-09-25T21:35:29.420Z,1
hybrid-norerank:ru07-f3,c1,yes,auto,2026-09-25T21:35:29.420Z,
hybrid-norerank:ru07-f3,c2,yes,auto,2026-09-25T21:35:29.420Z,
hybrid-norerank:ru07-f3,c3,yes,baseline,2026-09-25T21:35:29.420Z,1
hybrid-norerank:ru08-f1,c1,yes,auto,2026-09-25T21:35:29.420Z,
hybrid-norerank:ru08-f1,c2,yes,auto,2026-09-25T21:35:29.420Z,
hybrid-norerank:ru08-f1,c3,yes,baseline,2026-09-25T21:35:29.420Z,1
hybrid-norerank:ru08-f2,c1,yes,auto,2026-09-25T21:35:29.420Z,
hybrid-norerank:ru08-f2,c2,yes,auto,2026-09-25T21:35:29.420Z,
hybrid-norerank:ru08-f2,c3,yes,baseline,2026-09-25T21:35:29.420Z,1
hybrid-norerank:ru08-f3,c1,yes,auto,2026-09-25T21:35:29.420Z,
hybrid-norerank:ru08-f3,c2,yes,auto,2026-09-25T21:35:29.420Z,
hybrid-norerank:ru08-f3,c3,yes,baseline,2026-09-25T21:35:29.420Z,1
hybrid-norerank:kk01-f1,c1,yes,auto,2026-09-25T21:35:29.420Z,
hybrid-norerank:kk01-f1,c2,yes,auto,2026-09-25T21:35:29.420Z,
hybrid-norerank:kk01-f1,c3,yes,baseline,2026-09-25T21:35:29.420Z,1
hybrid-norerank:kk01-f2,c1,yes,auto,2026-09-25T21:35:29.420Z,
hybrid-norerank:kk01-f2,c2,yes,auto,2026-09-25T21:35:29.420Z,
hybrid-norerank:kk01-f2,c3,yes,baseline,2026-09-25T21:35:29.420Z,1
hybrid-norerank:kk01-f3,c1,yes,auto,2026-09-25T21:35:29.420Z,
hybrid-norerank:kk01-f3,c2,yes,auto,2026-09-25T21:35:29.420Z,
hybrid-norerank:kk01-f3,c3,yes,baseline,2026-09-25T21:35:29.420Z,1
hybrid-norerank:kk02-f1,c1,no,auto,2026-09-25T21:35:29.420Z,
hybrid-norerank:kk02-f1,c2,no,auto,2026-09-25T21:35:29.420Z,
hybrid-norerank:kk02-f1,c3,yes,baseline,2026-09-25T21:35:29.420Z,1
hybrid-norerank:kk02-f2,c1,yes,auto,2026-09-25T21:35:29.420Z,
hybrid-norerank:kk02-f2,c2,yes,auto,2026-09-25T21:35:29.420Z,
hybrid-norerank:kk02-f2,c3,yes,baseline,2026-09-25T21:35:29.420Z,1
hybrid-norerank:kk02-f3,c1,yes,auto,2026-09-25T21:35:29.420Z,
hybrid-norerank:kk02-f3,c2,yes,auto,2026-09-25T21:35:29.420Z,
hybrid-norerank:kk02-f3,c3,yes,baseline,2026-09-25T21:35:29.420Z,1
hybrid-norerank:kk03-f1,c1,yes,auto,2026-09-25T21:35:29.420Z,
hybrid-norerank:kk03-f1,c2,yes,auto,2026-09-25T21:35:29.420Z,
hybrid-norerank:kk03-f1,c3,yes,baseline,2026-09-25T21:35:29.420Z,1
hybrid-norerank:kk03-f2,c1,yes,auto,2026-09-25T21:35:29.420Z,
hybrid-norerank:kk03-f2,c2,yes,auto,2026-09-25T21:35:29.420Z,
hybrid-norerank:kk03-f2,c3,yes,baseline,2026-09-25T21:35:29.420Z,1
hybrid-norerank:kk03-f3,c1,yes,auto,2026-09-25T21:35:29.420Z,
hybrid-norerank:kk03-f3,c2,yes,auto,2026-09-25T21:35:29.420Z,
hybrid-norerank:kk03-f3,c3,yes,baseline,2026-09-25T21:35:29.420Z,1
hybrid-norerank:kk04-f1,c1,yes,auto,2026-09-25T21:35:29.420Z,
hybrid-norerank:kk04-f1,c2,yes,auto,2026-09-25T21:35:29.420Z,
hybrid-norerank:kk04-f1,c3,yes,baseline,2026-09-25T21:35:29.420Z,1
hybrid-norerank:kk04-f2,c1,no,auto,2026-09-25T21:35:29.420Z,
hybrid-norerank:kk04-f2,c2,yes,auto,2026-09-25T21:35:29.420Z,
hybrid-norerank:kk04-f2,c3,yes,baseline,2026-09-25T21:35:29.420Z,1
hybrid-norerank:kk04-f3,c1,yes,auto,2026-09-25T21:35:29.420Z,
hybrid-norerank:kk04-f3,c2,yes,auto,2026-09-25T21:35:29.420Z,
hybrid-norerank:kk04-f3,c3,yes,baseline,2026-09-25T21:35:29.420Z,1
hybrid-norerank:kk05-f1,c1,yes,auto,2026-09-25T21:35:29.420Z,
hybrid-norerank:kk05-f1,c2,yes,auto,2026-09-25T21:35:29.420Z,
hybrid-norerank:kk05-f1,c3,yes,baseline,2026-09-25T21:35:29.420Z,1
hybrid-norerank:kk05-f2,c1,yes,auto,2026-09-25T21:35:29.420Z,
hybrid-norerank:kk05-f2,c2,yes,auto,2026-09-25T21:35:29.420Z,
hybrid-norerank:kk05-f2,c3,yes,baseline,2026-09-25T21:35:29.420Z,1
hybrid-norerank:kk05-f3,c1,yes,auto,2026-09-25T21:35:29.420Z,
hybrid-norerank:kk05-f3,c2,yes,auto,2026-09-25T21:35:29.420Z,
hybrid-norerank:kk05-f3,c3,yes,baseline,2026-09-25T21:35:29.420Z,1
hybrid-norerank:kk06-f1,c1,no,auto,2026-09-25T21:35:29.420Z,
hybrid-norerank:kk06-f1,c2,no,auto,2026-09-25T21:35:29.420Z,
hybrid-norerank:kk06-f1,c3,yes,baseline,2026-09-25T21:35:29.420Z,1
hybrid-norerank:kk06-f2,c1,yes,auto,2026-09-25T21:35:29.420Z,
hybrid-norerank:kk06-f2,c2,yes,auto,2026-09-25T21:35:29.420Z,
hybrid-norerank:kk06-f2,c3,yes,baseline,2026-09-25T21:35:29.420Z,1
hybrid-norerank:kk06-f3,c1,yes,auto,2026-09-25T21:35:29.420Z,
hybrid-norerank:kk06-f3,c2,yes,auto,2026-09-25T21:35:29.420Z,
hybrid-norerank:kk06-f3,c3,yes,baseline,2026-09-25T21:35:29.420Z,1
hybrid-norerank:kk07-f1,c1,yes,auto,2026-09-25T21:35:29.420Z,
hybrid-norerank:kk07-f1,c2,yes,auto,2026-09-25T21:35:29.420Z,
hybrid-norerank:kk07-f1,c3,yes,baseline,2026-09-25T21:35:29.420Z,1
hybrid-norerank:kk07-f2,c1,yes,auto,2026-09-25T21:35:29.420Z,
hybrid-norerank:kk07-f2,c2,yes,auto,2026-09-25T21:35:29.420Z,
hybrid-norerank:kk07-f2,c3,yes,baseline,2026-09-25T21:35:29.420Z,1
hybrid-norerank:kk07-f3,c1,yes,auto,2026-09-25T21:35:29.420Z,
hybrid-norerank:kk07-f3,c2,yes,auto,2026-09-25T21:35:29.420Z,
hybrid-norerank:kk07-f3,c3,yes,baseline,2026-09-25T21:35:29.420Z,1
hybrid-norerank:kk08-f1,c1,yes,auto,2026-09-25T21:35:29.420Z,
hybrid-norerank:kk08-f1,c2,yes,auto,2026-09-25T21:35:29.420Z,
hybrid-norerank:kk08-f1,c3,yes,baseline,2026-09-25T21:35:29.420Z,1
hybrid-norerank:kk08-f2,c1,yes,auto,2026-09-25T21:35:29.420Z,
hybrid-norerank:kk08-f2,c2,yes,auto,2026-09-25T21:35:29.420Z,
hybrid-norerank:kk08-f2,c3,yes,baseline,2026-09-25T21:35:29.420Z,1
hybrid-norerank:kk08-f3,c1,yes,auto,2026-09-25T21:35:29.420Z,
hybrid-norerank:kk08-f3,c2,yes,auto,2026-09-25T21:35:29.420Z,
hybrid-norerank:kk08-f3,c3,yes,baseline,2026-09-25T21:35:29.420Z,1
hybrid-norerank:un-en-01,c1,review,auto,2026-09-25T21:35:29.420Z,
hybrid-norerank:un-en-01,c2,yes,auto,2026-09-25T21:35:29.420Z,
hybrid-norerank:un-en-01,c3,yes,baseline,2026-09-25T21:35:29.420Z,1
hybrid-norerank:un-en-02,c1,review,auto,2026-09-25T21:35:29.420Z,
hybrid-norerank:un-en-02,c2,yes,auto,2026-09-25T21:35:29.420Z,
hybrid-norerank:un-en-02,c3,yes,baseline,2026-09-25T21:35:29.420Z,1
hybrid-norerank:un-ru-01,c1,review,auto,2026-09-25T21:35:29.420Z,
hybrid-norerank:un-ru-01,c2,yes,auto,2026-09-25T21:35:29.420Z,
hybrid-norerank:un-ru-01,c3,yes,baseline,2026-09-25T21:35:29.420Z,1
hybrid-norerank:un-ru-02,c1,review,auto,2026-09-25T21:35:29.420Z,
hybrid-norerank:un-ru-02,c2,yes,auto,2026-09-25T21:35:29.420Z,
hybrid-norerank:un-ru-02,c3,yes,baseline,2026-09-25T21:35:29.420Z,1
hybrid-norerank:un-kk-01,c1,review,auto,2026-09-25T21:35:29.420Z,
hybrid-norerank:un-kk-01,c2,yes,auto,2026-09-25T21:35:29.420Z,
hybrid-norerank:un-kk-01,c3,yes,baseline,2026-09-25T21:35:29.420Z,1
hybrid-norerank:un-kk-02,c1,review,auto,2026-09-25T21:35:29.420Z,
hybrid-norerank:un-kk-02,c2,no,auto,2026-09-25T21:35:29.420Z,
hybrid-norerank:un-kk-02,c3,no,baseline,2026-09-25T21:35:29.420Z,0
hybrid-norerank:hard-en-01,c1,yes,auto,2026-09-25T21:35:29.420Z,
hybrid-norerank:hard-en-01,c2,yes,auto,2026-09-25T21:35:29.420Z,
hybrid-norerank:hard-en-01,c3,yes,baseline,2026-09-25T21:35:29.420Z,1
hybrid-norerank:hard-en-02,c1,yes,auto,2026-09-25T21:35:29.420Z,
hybrid-norerank:hard-en-02,c2,yes,auto,2026-09-25T21:35:29.420Z,
hybrid-norerank:hard-en-02,c3,yes,baseline,2026-09-25T21:35:29.420Z,1
hybrid-norerank:hard-en-03,c1,yes,auto,2026-09-25T21:35:29.420Z,
hybrid-norerank:hard-en-03,c2,yes,auto,2026-09-25T21:35:29.420Z,
hybrid-norerank:hard-en-03,c3,yes,baseline,2026-09-25T21:35:29.420Z,1
hybrid-norerank:hard-en-04,c1,yes,auto,2026-09-25T21:35:29.420Z,
hybrid-norerank:hard-en-04,c2,yes,auto,2026-09-25T21:35:29.420Z,
hybrid-norerank:hard-en-04,c3,yes,baseline,2026-09-25T21:35:29.420Z,1
hybrid-norerank:hard-en-05,c1,yes,auto,2026-09-25T21:35:29.420Z,
hybrid-norerank:hard-en-05,c2,yes,auto,2026-09-25T21:35:29.420Z,
hybrid-norerank:hard-en-05,c3,yes,baseline,2026-09-25T21:35:29.420Z,1
hybrid-norerank:hard-en-06,c1,yes,auto,2026-09-25T21:35:29.420Z,
hybrid-norerank:hard-en-06,c2,yes,auto,2026-09-25T21:35:29.420Z,
hybrid-norerank:hard-en-06,c3,yes,baseline,2026-09-25T21:35:29.420Z,1
hybrid-norerank:hard-en-07,c1,no,auto,2026-09-25T21:35:29.420Z,
hybrid-norerank:hard-en-07,c2,no,auto,2026-09-25T21:35:29.420Z,
hybrid-norerank:hard-en-07,c3,yes,baseline,2026-09-25T21:35:29.420Z,1
hybrid-norerank:hard-en-08,c1,no,auto,2026-09-25T21:35:29.420Z,
hybrid-norerank:hard-en-08,c2,no,auto,2026-09-25T21:35:29.420Z,
hybrid-norerank:hard-en-08,c3,yes,baseline,2026-09-25T21:35:29.420Z,1
hybrid-norerank:hard-en-09,c1,no,auto,2026-09-25T21:35:29.420Z,
hybrid-norerank:hard-en-09,c2,no,auto,2026-09-25T21:35:29.420Z,
hybrid-norerank:hard-en-09,c3,yes,baseline,2026-09-25T21:35:29.420Z,1
hybrid-norerank:hard-en-10,c1,no,auto,2026-09-25T21:35:29.420Z,
hybrid-norerank:hard-en-10,c2,no,auto,2026-09-25T21:35:29.420Z,
hybrid-norerank:hard-en-10,c3,yes,baseline,2026-09-25T21:35:29.420Z,1
hybrid-norerank:hard-en-11,c1,no,auto,2026-09-25T21:35:29.420Z,
hybrid-norerank:hard-en-11,c2,no,auto,2026-09-25T21:35:29.420Z,
hybrid-norerank:hard-en-11,c3,yes,baseline,2026-09-25T21:35:29.420Z,1
hybrid-norerank:hard-en-12,c1,no,auto,2026-09-25T21:35:29.420Z,
hybrid-norerank:hard-en-12,c2,no,auto,2026-09-25T21:35:29.420Z,
hybrid-norerank:hard-en-12,c3,yes,baseline,2026-09-25T21:35:29.420Z,1
hybrid-norerank:hard-ru-01,c1,yes,auto,2026-09-25T21:35:29.420Z,
hybrid-norerank:hard-ru-01,c2,yes,auto,2026-09-25T21:35:29.420Z,
hybrid-norerank:hard-ru-01,c3,yes,baseline,2026-09-25T21:35:29.420Z,1
hybrid-norerank:hard-ru-02,c1,yes,auto,2026-09-25T21:35:29.420Z,
hybrid-norerank:hard-ru-02,c2,yes,auto,2026-09-25T21:35:29.420Z,
hybrid-norerank:hard-ru-02,c3,yes,baseline,2026-09-25T21:35:29.420Z,1
hybrid-norerank:hard-ru-03,c1,yes,auto,2026-09-25T21:35:29.420Z,
hybrid-norerank:hard-ru-03,c2,yes,auto,2026-09-25T21:35:29.420Z,
hybrid-norerank:hard-ru-03,c3,yes,baseline,2026-09-25T21:35:29.420Z,1
hybrid-norerank:hard-ru-04,c1,yes,auto,2026-09-25T21:35:29.420Z,
hybrid-norerank:hard-ru-04,c2,yes,auto,2026-09-25T21:35:29.420Z,
hybrid-norerank:hard-ru-04,c3,yes,baseline,2026-09-25T21:35:29.420Z,1
hybrid-norerank:hard-ru-05,c1,no,auto,2026-09-25T21:35:29.420Z,
hybrid-norerank:hard-ru-05,c2,no,auto,2026-09-25T21:35:29.420Z,
hybrid-norerank:hard-ru-05,c3,yes,baseline,2026-09-25T21:35:29.420Z,1
hybrid-norerank:hard-ru-06,c1,no,auto,2026-09-25T21:35:29.420Z,
hybrid-norerank:hard-ru-06,c2,no,auto,2026-09-25T21:35:29.420Z,
hybrid-norerank:hard-ru-06,c3,yes,baseline,2026-09-25T21:35:29.420Z,1
hybrid-norerank:hard-ru-07,c1,no,auto,2026-09-25T21:35:29.420Z,
hybrid-norerank:hard-ru-07,c2,no,auto,2026-09-25T21:35:29.420Z,
hybrid-norerank:hard-ru-07,c3,yes,baseline,2026-09-25T21:35:29.420Z,1
hybrid-norerank:hard-ru-08,c1,yes,auto,2026-09-25T21:35:29.420Z,
hybrid-norerank:hard-ru-08,c2,yes,auto,2026-09-25T21:35:29.420Z,
hybrid-norerank:hard-ru-08,c3,yes,baseline,2026-09-25T21:35:29.420Z,1
hybrid-norerank:hard-ru-09,c1,yes,auto,2026-09-25T21:35:29.420Z,
hybrid-norerank:hard-ru-09,c2,yes,auto,2026-09-25T21:35:29.420Z,
hybrid-norerank:hard-ru-09,c3,yes,baseline,2026-09-25T21:35:29.420Z,1
hybrid-norerank:hard-ru-10,c1,yes,auto,2026-09-25T21:35:29.420Z,
hybrid-norerank:hard-ru-10,c2,yes,auto,2026-09-25T21:35:29.420Z,
hybrid-norerank:hard-ru-10,c3,yes,baseline,2026-09-25T21:35:29.420Z,1
hybrid-norerank:hard-ru-11,c1,yes,auto,2026-09-25T21:35:29.420Z,
hybrid-norerank:hard-ru-11,c2,yes,auto,2026-09-25T21:35:29.420Z,
hybrid-norerank:hard-ru-11,c3,yes,baseline,2026-09-25T21:35:29.420Z,1
hybrid-norerank:hard-ru-12,c1,yes,auto,2026-09-25T21:35:29.420Z,
hybrid-norerank:hard-ru-12,c2,yes,auto,2026-09-25T21:35:29.420Z,
hybrid-norerank:hard-ru-12,c3,yes,baseline,2026-09-25T21:35:29.420Z,1
hybrid-norerank:hard-kk-01,c1,yes,auto,2026-09-25T21:35:29.420Z,
hybrid-norerank:hard-kk-01,c2,yes,auto,2026-09-25T21:35:29.420Z,
hybrid-norerank:hard-kk-01,c3,yes,baseline,2026-09-25T21:35:29.420Z,1
hybrid-norerank:hard-kk-02,c1,yes,auto,2026-09-25T21:35:29.420Z,
hybrid-norerank:hard-kk-02,c2,yes,auto,2026-09-25T21:35:29.420Z,
hybrid-norerank:hard-kk-02,c3,yes,baseline,2026-09-25T21:35:29.420Z,1
hybrid-norerank:hard-kk-03,c1,yes,auto,2026-09-25T21:35:29.420Z,
hybrid-norerank:hard-kk-03,c2,yes,auto,2026-09-25T21:35:29.420Z,
hybrid-norerank:hard-kk-03,c3,yes,baseline,2026-09-25T21:35:29.420Z,1
hybrid-norerank:hard-kk-04,c1,yes,auto,2026-09-25T21:35:29.420Z,
hybrid-norerank:hard-kk-04,c2,yes,auto,2026-09-25T21:35:29.420Z,
hybrid-norerank:hard-kk-04,c3,yes,baseline,2026-09-25T21:35:29.420Z,1
hybrid-norerank:hard-kk-05,c1,no,auto,2026-09-25T21:35:29.420Z,
hybrid-norerank:hard-kk-05,c2,yes,auto,2026-09-25T21:35:29.420Z,
hybrid-norerank:hard-kk-05,c3,yes,baseline,2026-09-25T21:35:29.420Z,1
hybrid-norerank:hard-kk-06,c1,no,auto,2026-09-25T21:35:29.420Z,
hybrid-norerank:hard-kk-06,c2,yes,auto,2026-09-25T21:35:29.420Z,
hybrid-norerank:hard-kk-06,c3,yes,baseline,2026-09-25T21:35:29.420Z,1
hybrid-norerank:hard-kk-07,c1,no,auto,2026-09-25T21:35:29.420Z,
hybrid-norerank:hard-kk-07,c2,yes,auto,2026-09-25T21:35:29.420Z,
hybrid-norerank:hard-kk-07,c3,yes,baseline,2026-09-25T21:35:29.420Z,1
hybrid-norerank:hard-kk-08,c1,yes,auto,2026-09-25T21:35:29.420Z,
hybrid-norerank:hard-kk-08,c2,yes,auto,2026-09-25T21:35:29.420Z,
hybrid-norerank:hard-kk-08,c3,yes,baseline,2026-09-25T21:35:29.420Z,1
hybrid-norerank:hard-kk-09,c1,no,auto,2026-09-25T21:35:29.420Z,
hybrid-norerank:hard-kk-09,c2,yes,auto,2026-09-25T21:35:29.420Z,
hybrid-norerank:hard-kk-09,c3,yes,baseline,2026-09-25T21:35:29.420Z,1
hybrid-norerank:hard-kk-10,c1,yes,auto,2026-09-25T21:35:29.420Z,
hybrid-norerank:hard-kk-10,c2,yes,auto,2026-09-25T21:35:29.420Z,
hybrid-norerank:hard-kk-10,c3,yes,baseline,2026-09-25T21:35:29.420Z,1
hybrid-norerank:hard-kk-11,c1,yes,auto,2026-09-25T21:35:29.420Z,
hybrid-norerank:hard-kk-11,c2,yes,auto,2026-09-25T21:35:29.420Z,
hybrid-norerank:hard-kk-11,c3,yes,baseline,2026-09-25T21:35:29.420Z,1
hybrid-norerank:hard-kk-12,c1,yes,auto,2026-09-25T21:35:29.420Z,
hybrid-norerank:hard-kk-12,c2,yes,auto,2026-09-25T21:35:29.420Z,
hybrid-norerank:hard-kk-12,c3,yes,baseline,2026-09-25T21:35:29.420Z,1
hybrid:un-ru-01,c3,review,model,2026-09-29T11:56:59.131Z,
hybrid:un-ru-01,c4,review,model,2026-09-29T11:56:59.131Z,
hybrid:un-ru-01,c5,review,model,2026-09-29T11:56:59.131Z,
hybrid:un-ru-01,c6,review,model,2026-09-29T11:56:59.131Z,
hybrid:un-ru-01,c7,review,model,2026-09-29T11:56:59.131Z,
hybrid:un-ru-01,c8,no,model,2026-09-29T11:56:59.131Z,
hybrid:un-ru-01,c9,no,model,2026-09-29T11:56:59.131Z,
hybrid:un-ru-01,c10,no,model,2026-09-29T11:56:59.131Z,
bm25:kk04-f2,c3,yes,model,2026-09-29T11:56:59.131Z,
bm25:kk04-f2,c4,no,model,2026-09-29T11:56:59.131Z,
bm25:kk04-f2,c5,yes,model,2026-09-29T11:56:59.131Z,
bm25:kk04-f2,c6,review,model,2026-09-29T11:56:59.131Z,
bm25:kk04-f2,c7,no,model,2026-09-29T11:56:59.131Z,
bm25:kk04-f2,c8,no,model,2026-09-29T11:56:59.131Z,
bm25:kk04-f2,c9,no,model,2026-09-29T11:56:59.131Z,
bm25:kk04-f2,c10,no,model,2026-09-29T11:56:59.131Z,
bm25:en04-f2,c3,yes,model,2026-09-29T11:56:59.131Z,
bm25:en04-f2,c4,no,model,2026-09-29T11:56:59.131Z,
bm25:en04-f2,c5,yes,model,2026-09-29T11:56:59.131Z,
bm25:en04-f2,c6,review,model,2026-09-29T11:56:59.131Z,
bm25:en04-f2,c7,no,model,2026-09-29T11:56:59.131Z,
bm25:en04-f2,c8,review,model,2026-09-29T11:56:59.131Z,
bm25:en04-f2,c9,no,model,2026-09-29T11:56:59.131Z,
bm25:en04-f2,c10,no,model,2026-09-29T11:56:59.131Z,
hybrid:hard-kk-03,c3,yes,model,2026-09-29T11:56:59.131Z,
hybrid:hard-kk-03,c4,no,model,2026-09-29T11:56:59.131Z,
hybrid:hard-kk-03,c5,yes,model,2026-09-29T11:56:59.131Z,
hybrid:hard-kk-03,c6,no,model,2026-09-29T11:56:59.131Z,
hybrid:hard-kk-03,c7,no,model,2026-09-29T11:56:59.131Z,
hybrid:hard-kk-03,c8,no,model,2026-09-29T11:56:59.131Z,
hybrid:hard-kk-03,c9,no,model,2026-09-29T11:56:59.131Z,
hybrid:hard-kk-03,c10,no,model,2026-09-29T11:56:59.131Z,
hybrid:kk05-f2,c3,yes,model,2026-09-29T11:56:59.131Z,
hybrid:kk05-f2,c4,no,model,2026-09-29T11:56:59.131Z,
hybrid:kk05-f2,c5,yes,model,2026-09-29T11:56:59.131Z,
hybrid:kk05-f2,c6,no,model,2026-09-29T11:56:59.131Z,
hybrid:kk05-f2,c7,no,model,2026-09-29T11:56:59.131Z,
hybrid:kk05-f2,c8,no,model,2026-09-29T11:56:59.131Z,
hybrid:kk05-f2,c9,no,model,2026-09-29T11:56:59.131Z,
hybrid:kk05-f2,c10,no,model,2026-09-29T11:56:59.131Z,
hybrid-norerank:hard-kk-03,c3,yes,model,2026-09-29T11:56:59.131Z,
hybrid-norerank:hard-kk-03,c4,no,model,2026-09-29T11:56:59.131Z,
hybrid-norerank:hard-kk-03,c5,yes,model,2026-09-29T11:56:59.131Z,
hybrid-norerank:hard-kk-03,c6,no,model,2026-09-29T11:56:59.131Z,
hybrid-norerank:hard-kk-03,c7,no,model,2026-09-29T11:56:59.131Z,
hybrid-norerank:hard-kk-03,c8,no,model,2026-09-29T11:56:59.131Z,
hybrid-norerank:hard-kk-03,c9,no,model,2026-09-29T11:56:59.131Z,
hybrid-norerank:hard-kk-03,c10,no,model,2026-09-29T11:56:59.131Z,
bm25:en06-f1,c3,yes,model,2026-09-29T11:56:59.131Z,
bm25:en06-f1,c4,no,model,2026-09-29T11:56:59.131Z,
bm25:en06-f1,c5,yes,model,2026-09-29T11:56:59.131Z,
bm25:en06-f1,c6,no,model,2026-09-29T11:56:59.131Z,
bm25:en06-f1,c7,no,model,2026-09-29T11:56:59.131Z,
bm25:en06-f1,c8,no,model,2026-09-29T11:56:59.131Z,
bm25:en06-f1,c9,no,model,2026-09-29T11:56:59.131Z,
bm25:en06-f1,c10,no,model,2026-09-29T11:56:59.131Z,
embedding:ru03-f2,c3,yes,model,2026-09-29T11:56:59.131Z,
embedding:ru03-f2,c4,no,model,2026-09-29T11:56:59.131Z,
embedding:ru03-f2,c5,yes,model,2026-09-29T11:56:59.131Z,
embedding:ru03-f2,c6,no,model,2026-09-29T11:56:59.131Z,
embedding:ru03-f2,c7,no,model,2026-09-29T11:56:59.131Z,
embedding:ru03-f2,c8,no,model,2026-09-29T11:56:59.131Z,
embedding:ru03-f2,c9,no,model,2026-09-29T11:56:59.131Z,
embedding:ru03-f2,c10,no,model,2026-09-29T11:56:59.131Z,
hybrid:hard-en-11,c3,yes,model,2026-09-29T11:56:59.131Z,
hybrid:hard-en-11,c4,no,model,2026-09-29T11:56:59.131Z,
hybrid:hard-en-11,c5,yes,model,2026-09-29T11:56:59.131Z,
hybrid:hard-en-11,c6,no,model,2026-09-29T11:56:59.131Z,
hybrid:hard-en-11,c7,no,model,2026-09-29T11:56:59.131Z,
hybrid:hard-en-11,c8,no,model,2026-09-29T11:56:59.131Z,
hybrid:hard-en-11,c9,no,model,2026-09-29T11:56:59.131Z,
hybrid:hard-en-11,c10,no,model,2026-09-29T11:56:59.131Z,
bm25:kk08-f2,c3,yes,model,2026-09-29T11:56:59.131Z,
bm25:kk08-f2,c4,no,model,2026-09-29T11:56:59.131Z,
bm25:kk08-f2,c5,yes,model,2026-09-29T11:56:59.131Z,
bm25:kk08-f2,c6,review,model,2026-09-29T11:56:59.131Z,
bm25:kk08-f2,c7,review,model,2026-09-29T11:56:59.131Z,
bm25:kk08-f2,c8,review,model,2026-09-29T11:56:59.131Z,
bm25:kk08-f2,c9,no,model,2026-09-29T11:56:59.131Z,
bm25:kk08-f2,c10,no,model,2026-09-29T11:56:59.131Z,
hybrid-norerank:hard-kk-08,c3,yes,model,2026-09-29T11:56:59.131Z,
hybrid-norerank:hard-kk-08,c4,no,model,2026-09-29T11:56:59.131Z,
hybrid-norerank:hard-kk-08,c5,yes,model,2026-09-29T11:56:59.131Z,
hybrid-norerank:hard-kk-08,c6,no,model,2026-09-29T11:56:59.131Z,
hybrid-norerank:hard-kk-08,c7,review,model,2026-09-29T11:56:59.131Z,
hybrid-norerank:hard-kk-08,c8,review,model,2026-09-29T11:56:59.131Z,
hybrid-norerank:hard-kk-08,c9,no,model,2026-09-29T11:56:59.131Z,
hybrid-norerank:hard-kk-08,c10,no,model,2026-09-29T11:56:59.131Z,
hybrid:hard-ru-11,c3,yes,model,2026-09-29T11:56:59.131Z,
hybrid:hard-ru-11,c4,no,model,2026-09-29T11:56:59.131Z,
hybrid:hard-ru-11,c5,yes,model,2026-09-29T11:56:59.131Z,
hybrid:hard-ru-11,c6,no,model,2026-09-29T11:56:59.131Z,
hybrid:hard-ru-11,c7,no,model,2026-09-29T11:56:59.131Z,
hybrid:hard-ru-11,c8,review,model,2026-09-29T11:56:59.131Z,
hybrid:hard-ru-11,c9,no,model,2026-09-29T11:56:59.131Z,
hybrid:hard-ru-11,c10,no,model,2026-09-29T11:56:59.131Z,
hybrid-norerank:hard-en-03,c3,yes,model,2026-09-29T11:56:59.131Z,
hybrid-norerank:hard-en-03,c4,no,model,2026-09-29T11:56:59.131Z,
hybrid-norerank:hard-en-03,c5,yes,model,2026-09-29T11:56:59.131Z,
hybrid-norerank:hard-en-03,c6,review,model,2026-09-29T11:56:59.131Z,
hybrid-norerank:hard-en-03,c7,no,model,2026-09-29T11:56:59.131Z,
hybrid-norerank:hard-en-03,c8,review,model,2026-09-29T11:56:59.131Z,
hybrid-norerank:hard-en-03,c9,no,model,2026-09-29T11:56:59.131Z,
hybrid-norerank:hard-en-03,c10,no,model,2026-09-29T11:56:59.131Z,
hybrid-norerank:hard-ru-08,c3,yes,model,2026-09-29T11:56:59.131Z,
hybrid-norerank:hard-ru-08,c4,no,model,2026-09-29T11:56:59.131Z,
hybrid-norerank:hard-ru-08,c5,yes,model,2026-09-29T11:56:59.131Z,
hybrid-norerank:hard-ru-08,c6,no,model,2026-09-29T11:56:59.131Z,
hybrid-norerank:hard-ru-08,c7,review,model,2026-09-29T11:56:59.131Z,
hybrid-norerank:hard-ru-08,c8,no,model,2026-09-29T11:56:59.131Z,
hybrid-norerank:hard-ru-08,c9,no,model,2026-09-29T11:56:59.131Z,
hybrid-norerank:hard-ru-08,c10,no,model,2026-09-29T11:56:59.131Z,
hybrid:en05-f2,c3,yes,model,2026-09-29T11:56:59.131Z,
hybrid:en05-f2,c4,no,model,2026-09-29T11:56:59.131Z,
hybrid:en05-f2,c5,yes,model,2026-09-29T11:56:59.131Z,
hybrid:en05-f2,c6,no,model,2026-09-29T11:56:59.131Z,
hybrid:en05-f2,c7,no,model,2026-09-29T11:56:59.131Z,
hybrid:en05-f2,c8,no,model,2026-09-29T11:56:59.131Z,
hybrid:en05-f2,c9,no,model,2026-09-29T11:56:59.131Z,
hybrid:en05-f2,c10,no,model,2026-09-29T11:56:59.131Z,
hybrid-norerank:hard-en-08,c3,review,model,2026-09-29T11:56:59.131Z,
hybrid-norerank:hard-en-08,c4,review,model,2026-09-29T11:56:59.131Z,
hybrid-norerank:hard-en-08,c5,review,model,2026-09-29T11:56:59.131Z,
hybrid-norerank:hard-en-08,c6,review,model,2026-09-29T11:56:59.131Z,
hybrid-norerank:hard-en-08,c7,no,model,2026-09-29T11:56:59.131Z,
hybrid-norerank:hard-en-08,c8,no,model,2026-09-29T11:56:59.131Z,
hybrid-norerank:hard-en-08,c9,no,model,2026-09-29T11:56:59.131Z,
hybrid-norerank:hard-en-08,c10,no,model,2026-09-29T11:56:59.131Z,
hybrid-norerank:hard-ru-03,c3,yes,model,2026-09-29T11:56:59.131Z,
hybrid-norerank:hard-ru-03,c4,no,model,2026-09-29T11:56:59.131Z,
hybrid-norerank:hard-ru-03,c5,yes,model,2026-09-29T11:56:59.131Z,
hybrid-norerank:hard-ru-03,c6,no,model,2026-09-29T11:56:59.131Z,
hybrid-norerank:hard-ru-03,c7,no,model,2026-09-29T11:56:59.131Z,
hybrid-norerank:hard-ru-03,c8,review,model,2026-09-29T11:56:59.131Z,
hybrid-norerank:hard-ru-03,c9,no,model,2026-09-29T11:56:59.131Z,
hybrid-norerank:hard-ru-03,c10,no,model,2026-09-29T11:56:59.131Z,
embedding:en03-f2,c3,yes,model,2026-09-29T11:56:59.131Z,
embedding:en03-f2,c4,no,model,2026-09-29T11:56:59.131Z,
embedding:en03-f2,c5,yes,model,2026-09-29T11:56:59.131Z,
embedding:en03-f2,c6,review,model,2026-09-29T11:56:59.131Z,
embedding:en03-f2,c7,no,model,2026-09-29T11:56:59.131Z,
embedding:en03-f2,c8,no,model,2026-09-29T11:56:59.131Z,
embedding:en03-f2,c9,no,model,2026-09-29T11:56:59.131Z,
embedding:en03-f2,c10,no,model,2026-09-29T11:56:59.131Z,
hybrid:hard-ru-03,c3,yes,model,2026-09-29T11:56:59.131Z,
hybrid:hard-ru-03,c4,no,model,2026-09-29T11:56:59.131Z,
hybrid:hard-ru-03,c5,yes,model,2026-09-29T11:56:59.131Z,
hybrid:hard-ru-03,c6,no,model,2026-09-29T11:56:59.131Z,
hybrid:hard-ru-03,c7,no,model,2026-09-29T11:56:59.131Z,
hybrid:hard-ru-03,c8,no,model,2026-09-29T11:56:59.131Z,
hybrid:hard-ru-03,c9,no,model,2026-09-29T11:56:59.131Z,
hybrid:hard-ru-03,c10,no,model,2026-09-29T11:56:59.131Z,
hybrid:ru05-f2,c3,yes,model,2026-09-29T11:56:59.131Z,
hybrid:ru05-f2,c4,no,model,2026-09-29T11:56:59.131Z,
hybrid:ru05-f2,c5,yes,model,2026-09-29T11:56:59.131Z,
hybrid:ru05-f2,c6,no,model,2026-09-29T11:56:59.131Z,
hybrid:ru05-f2,c7,no,model,2026-09-29T11:56:59.131Z,
hybrid:ru05-f2,c8,review,model,2026-09-29T11:56:59.131Z,
hybrid:ru05-f2,c9,no,model,2026-09-29T11:56:59.131Z,
hybrid:ru05-f2,c10,no,model,2026-09-29T11:56:59.131Z,
hybrid:hard-en-03,c3,yes,model,2026-09-29T11:56:59.131Z,
hybrid:hard-en-03,c4,no,model,2026-09-29T11:56:59.131Z,
hybrid:hard-en-03,c5,yes,model,2026-09-29T11:56:59.131Z,
hybrid:hard-en-03,c6,no,model,2026-09-29T11:56:59.131Z,
hybrid:hard-en-03,c7,no,model,2026-09-29T11:56:59.131Z,
hybrid:hard-en-03,c8,no,model,2026-09-29T11:56:59.131Z,
hybrid:hard-en-03,c9,no,model,2026-09-29T11:56:59.131Z,
hybrid:hard-en-03,c10,no,model,2026-09-29T11:56:59.131Z,
bm25:kk06-f1,c3,yes,model,2026-09-29T11:56:59.131Z,
bm25:kk06-f1,c4,no,model,2026-09-29T11:56:59.131Z,
bm25:kk06-f1,c5,yes,model,2026-09-29T11:56:59.131Z,
bm25:kk06-f1,c6,no,model,2026-09-29T11:56:59.131Z,
bm25:kk06-f1,c7,no,model,2026-09-29T11:56:59.131Z,
bm25:kk06-f1,c8,no,model,2026-09-29T11:56:59.131Z,
bm25:kk06-f1,c9,no,model,2026-09-29T11:56:59.131Z,
bm25:kk06-f1,c10,no,model,2026-09-29T11:56:59.131Z,
bm25:ru06-f1,c3,yes,model,2026-09-29T11:56:59.131Z,
bm25:ru06-f1,c4,no,model,2026-09-29T11:56:59.131Z,
bm25:ru06-f1,c5,yes,model,2026-09-29T11:56:59.131Z,
bm25:ru06-f1,c6,review,model,2026-09-29T11:56:59.131Z,
bm25:ru06-f1,c7,no,model,2026-09-29T11:56:59.131Z,
bm25:ru06-f1,c8,no,model,2026-09-29T11:56:59.131Z,
bm25:ru06-f1,c9,no,model,2026-09-29T11:56:59.131Z,
bm25:ru06-f1,c10,no,model,2026-09-29T11:56:59.131Z,
bm25:en08-f2,c3,yes,model,2026-09-29T11:56:59.131Z,
bm25:en08-f2,c4,no,model,2026-09-29T11:56:59.131Z,
bm25:en08-f2,c5,yes,model,2026-09-29T11:56:59.131Z,
bm25:en08-f2,c6,review,model,2026-09-29T11:56:59.131Z,
bm25:en08-f2,c7,no,model,2026-09-29T11:56:59.131Z,
bm25:en08-f2,c8,review,model,2026-09-29T11:56:59.131Z,
bm25:en08-f2,c9,no,model,2026-09-29T11:56:59.131Z,
bm25:en08-f2,c10,no,model,2026-09-29T11:56:59.131Z,
hybrid:un-en-01,c3,review,model,2026-09-29T11:56:59.131Z,
hybrid:un-en-01,c4,review,model,2026-09-29T11:56:59.131Z,
hybrid:un-en-01,c5,review,model,2026-09-29T11:56:59.131Z,
hybrid:un-en-01,c6,review,model,2026-09-29T11:56:59.131Z,
hybrid:un-en-01,c7,review,model,2026-09-29T11:56:59.131Z,
hybrid:un-en-01,c8,review,model,2026-09-29T11:56:59.131Z,
hybrid:un-en-01,c9,no,model,2026-09-29T11:56:59.131Z,
hybrid:un-en-01,c10,no,model,2026-09-29T11:56:59.131Z,
hybrid:hard-kk-11,c3,yes,model,2026-09-29T11:56:59.131Z,
hybrid:hard-kk-11,c4,no,model,2026-09-29T11:56:59.131Z,
hybrid:hard-kk-11,c5,yes,model,2026-09-29T11:56:59.131Z,
hybrid:hard-kk-11,c6,review,model,2026-09-29T11:56:59.131Z,
hybrid:hard-kk-11,c7,no,model,2026-09-29T11:56:59.131Z,
hybrid:hard-kk-11,c8,review,model,2026-09-29T11:56:59.131Z,
hybrid:hard-kk-11,c9,no,model,2026-09-29T11:56:59.131Z,
hybrid:hard-kk-11,c10,no,model,2026-09-29T11:56:59.131Z,
bm25:ru08-f2,c3,yes,model,2026-09-29T11:56:59.131Z,
bm25:ru08-f2,c4,no,model,2026-09-29T11:56:59.131Z,
bm25:ru08-f2,c5,yes,model,2026-09-29T11:56:59.131Z,
bm25:ru08-f2,c6,no,model,2026-09-29T11:56:59.131Z,
bm25:ru08-f2,c7,review,model,2026-09-29T11:56:59.131Z,
bm25:ru08-f2,c8,review,model,2026-09-29T11:56:59.131Z,
bm25:ru08-f2,c9,no,model,2026-09-29T11:56:59.131Z,
bm25:ru08-f2,c10,no,model,2026-09-29T11:56:59.131Z,
bm25:ru04-f2,c3,yes,model,2026-09-29T11:56:59.131Z,
bm25:ru04-f2,c4,no,model,2026-09-29T11:56:59.131Z,
bm25:ru04-f2,c5,yes,model,2026-09-29T11:56:59.131Z,
bm25:ru04-f2,c6,review,model,2026-09-29T11:56:59.131Z,
bm25:ru04-f2,c7,no,model,2026-09-29T11:56:59.131Z,
bm25:ru04-f2,c8,no,model,2026-09-29T11:56:59.131Z,
bm25:ru04-f2,c9,no,model,2026-09-29T11:56:59.131Z,
bm25:ru04-f2,c10,no,model,2026-09-29T11:56:59.131Z,
embedding:kk03-f2,c3,yes,model,2026-09-29T11:56:59.131Z,
embedding:kk03-f2,c4,no,model,2026-09-29T11:56:59.131Z,
embedding:kk03-f2,c5,yes,model,2026-09-29T11:56:59.131Z,
embedding:kk03-f2,c6,review,model,2026-09-29T11:56:59.131Z,
embedding:kk03-f2,c7,no,model,2026-09-29T11:56:59.131Z,
embedding:kk03-f2,c8,no,model,2026-09-29T11:56:59.131Z,
embedding:kk03-f2,c9,no,model,2026-09-29T11:56:59.131Z,
embedding:kk03-f2,c10,no,model,2026-09-29T11:56:59.131Z,
hybrid:un-kk-01,c3,review,model,2026-09-29T11:56:59.131Z,
hybrid:un-kk-01,c4,review,model,2026-09-29T11:56:59.131Z,
hybrid:un-kk-01,c5,review,model,2026-09-29T11:56:59.131Z,
hybrid:un-kk-01,c6,review,model,2026-09-29T11:56:59.131Z,
hybrid:un-kk-01,c7,review,model,2026-09-29T11:56:59.131Z,
hybrid:un-kk-01,c8,review,model,2026-09-29T11:56:59.131Z,
hybrid:un-kk-01,c9,no,model,2026-09-29T11:56:59.131Z,
hybrid:un-kk-01,c10,no,model,2026-09-29T11:56:59.131Z,
bm25:un-en-01,c1,yes,model,2026-09-29T11:57:16.443Z,
bm25:un-en-02,c1,yes,model,2026-09-29T11:57:16.443Z,
bm25:un-ru-01,c1,yes,model,2026-09-29T11:57:16.443Z,
bm25:un-ru-02,c1,yes,model,2026-09-29T11:57:16.443Z,
bm25:un-kk-01,c1,yes,model,2026-09-29T11:57:16.443Z,
bm25:un-kk-02,c1,yes,model,2026-09-29T11:57:16.443Z,
embedding:un-en-01,c1,yes,model,2026-09-29T11:57:16.443Z,
embedding:un-en-02,c1,yes,model,2026-09-29T11:57:16.443Z,
embedding:un-ru-01,c1,yes,model,2026-09-29T11:57:16.443Z,
embedding:un-ru-02,c1,yes,model,2026-09-29T11:57:16.443Z,
embedding:un-kk-01,c1,yes,model,2026-09-29T11:57:16.443Z,
embedding:un-kk-02,c1,yes,model,2026-09-29T11:57:16.443Z,
hybrid:un-en-01,c1,yes,model,2026-09-29T11:57:16.443Z,
hybrid:un-en-02,c1,yes,model,2026-09-29T11:57:16.443Z,
hybrid:un-ru-01,c1,yes,model,2026-09-29T11:57:16.443Z,
hybrid:un-ru-02,c1,yes,model,2026-09-29T11:57:16.443Z,
hybrid:un-kk-01,c1,yes,model,2026-09-29T11:57:16.443Z,
hybrid:un-kk-02,c1,yes,model,2026-09-29T11:57:16.443Z,
hybrid-norerank:un-en-01,c1,yes,model,2026-09-29T11:57:16.443Z,
hybrid-norerank:un-en-02,c1,yes,model,2026-09-29T11:57:16.443Z,
hybrid-norerank:un-ru-01,c1,yes,model,2026-09-29T11:57:16.443Z,
hybrid-norerank:un-ru-02,c1,yes,model,2026-09-29T11:57:16.443Z,
hybrid-norerank:un-kk-01,c1,yes,model,2026-09-29T11:57:16.443Z,
hybrid-norerank:un-kk-02,c1,yes,model,2026-09-29T11:57:16.443Z,
